{"stat.entityKilledBy.executione":2,"stat.leaveGame":18,"stat.craftItem.minecraft.iron_axe":2,"stat.killEntity.mutantbeasts.mutant_skeleton":1,"stat.pickup.gravestone.death_info":7,"stat.pickup.duneons.vangardsword":3,"stat.mineBlock.minecraft.sandstone":4,"stat.craftItem.minecraft.shield":2,"stat.useItem.minecraft.planks":318,"stat.mineBlock.minecraft.web":4,"stat.drop.minecraft.feather":2,"stat.pickup.minecraft.porkchop":24,"stat.killEntity.redstonecube":1,"stat.mineBlock.gravestone.gravestone":13,"stat.mineBlock.minecraft.red_mushroom":11,"stat.useItem.minecraft.water_bucket":8,"stat.pickup.minecraft.rotten_flesh":86,"stat.pickup.minecraft.sand":7,"stat.craftItem.minecraft.golden_apple":1,"stat.pickup.minecraft.splash_potion":1,"stat.craftItem.minecraft.stone_axe":1,"stat.pickup.minecraft.name_tag":9,"stat.drop.duneons.ieerrifyingskeletonarmorhelmet":1,"stat.killEntity.Enderman":1,"stat.mineBlock.duneons.clayvase":1,"stat.craftItem.minecraft.iron_shovel":4,"stat.pickup.minecraft.chainmail_chestplate":1,"stat.pickup.minecraft.brown_mushroom":4,"stat.mineBlock.minecraft.sand":8,"stat.useItem.duneons.diamondsworddungeon":4,"stat.pickup.duneons.coin":10,"stat.useItem.minecraft.iron_pickaxe":242,"stat.useItem.minecraft.spawn_egg":1,"stat.craftItem.minecraft.wooden_pickaxe":1,"stat.useItem.minecraft.iron_shovel":708,"stat.drop.gravestone.death_info":8,"stat.mineBlock.minecraft.sticky_piston":2,"stat.furnaceInteraction":124,"stat.killEntity.ZombieVillager":1,"stat.pickup.minecraft.beef":2,"stat.pickup.minecraft.furnace":14,"stat.useItem.minecraft.cooked_mutton":5,"stat.pickup.mowziesmobs.wrought_axe":1,"stat.pickup.minecraft.iron_chestplate":3,"stat.pickup.minecraft.skull":2,"stat.pickup.mowziesmobs.wrought_helmet":3,"stat.entityKilledBy.mutantbeasts.mutant_skeleton":1,"stat.pickup.minecraft.potion":2,"stat.useItem.minecraft.wheat_seeds":15,"stat.mineBlock.duneons.trone":2,"stat.pickup.minecraft.pumpkin_seeds":8,"stat.mineBlock.duneons.andesitebreked":5,"stat.pickup.minecraft.emerald":381,"stat.pickup.minecraft.saddle":1,"stat.useItem.minecraft.dye":23,"stat.deaths":13,"stat.entityKilledBy.wild_dog":1,"stat.pickup.minecraft.egg":31,"stat.killEntity.skeletonvangard":10,"stat.playOneMinute":416987,"stat.mineBlock.minecraft.stone_pressure_plate":1,"stat.craftItem.minecraft.iron_pickaxe":1,"stat.pickup.duneons.commandorarmorhelmet":3,"stat.pickup.duneons.diamondsworddungeon":6,"stat.mineBlock.duneons.mudwithstones":17,"stat.mineBlock.minecraft.tallgrass":175,"stat.pickup.minecraft.netherrack":2,"stat.pickup.duneons.trone":2,"stat.pickup.duneons.armorclass5helmet":1,"stat.mineBlock.duneons.lavabrickblock":4,"stat.pickup.minecraft.cooked_mutton":11,"stat.chestOpened":175,"stat.pickup.duneons.mudwithstones":17,"stat.pickup.minecraft.pumpkin":5,"stat.useItem.minecraft.splash_potion":2,"stat.pickup.duneons.archillagerstaff":1,"stat.mineBlock.duneons.coinsmall":1,"stat.useItem.minecraft.stone":9,"stat.mineBlock.minecraft.netherrack":3,"stat.pickup.minecraft.arrow":448,"stat.pickup.minecraft.iron_sword":7,"stat.mineBlock.duneons.candle":1,"stat.craftItem.duneons.minerarmorhelmet":1,"stat.pickup.duneons.ieerrifyingskeletonarmorhelmet":1,"stat.mineBlock.minecraft.gold_block":1,"stat.killEntity.vindicator_variant2":13,"stat.pickup.minecraft.cooked_chicken":6,"stat.fallOneCm":65208,"stat.crouchOneCm":25611,"stat.pickup.minecraft.rail":8,"stat.mineBlock.minecraft.chest":2,"stat.craftItem.minecraft.iron_ingot":141,"stat.craftItem.minecraft.chest":6,"stat.pickup.minecraft.red_mushroom":11,"stat.pickup.duneons.stackofbooks":4,"stat.useItem.minecraft.iron_hoe":35,"stat.craftingTableInteraction":77,"stat.pickup.duneons.armorclass5body":6,"stat.pickup.minecraft.feather":70,"stat.useItem.duneons.cutlass":49,"stat.pickup.minecraft.record_cat":2,"stat.useItem.minecraft.furnace":2,"stat.useItem.minecraft.reeds":28,"stat.killEntity.vindicator_variant1":16,"stat.pickup.minecraft.dye":82,"stat.pickup.minecraft.planks":284,"stat.pickup.minecraft.iron_leggings":10,"stat.pickup.duneons.andesitebreked":6,"stat.pickup.minecraft.wheat_seeds":47,"stat.mineBlock.minecraft.gravel":7,"stat.useItem.minecraft.stone_pickaxe":113,"stat.craftItem.minecraft.iron_leggings":2,"stat.useItem.minecraft.wool":3,"stat.mineBlock.duneons.brickevil":1,"stat.mineBlock.minecraft.dirt":725,"stat.killEntity.VindicationIllager":4,"stat.useItem.animalium.rat_meat":2,"stat.pickup.minecraft.chainmail_boots":4,"stat.pickup.minecraft.record_13":2,"stat.useItem.minecraft.torch":81,"stat.pickup.minecraft.golden_apple":4,"stat.craftItem.duneons.candle":1,"stat.pickup.minecraft.crafting_table":1,"stat.useItem.minecraft.cobblestone":227,"stat.craftItem.minecraft.crafting_table":7,"stat.useItem.minecraft.gravel":2,"stat.pickup.minecraft.iron_hoe":8,"stat.mineBlock.minecraft.emerald_ore":1,"stat.pickup.minecraft.redstone_block":2,"stat.pickup.minecraft.log":197,"stat.pickup.minecraft.iron_pickaxe":4,"stat.craftItem.minecraft.gold_ingot":9,"stat.pickup.minecraft.chicken":11,"stat.pickup.minecraft.sapling":93,"stat.pickup.minecraft.wooden_door":1,"stat.pickup.minecraft.apple":8,"stat.craftItem.minecraft.bucket":2,"stat.craftItem.minecraft.planks":620,"stat.useItem.minecraft.iron_sword":57,"stat.pickup.duneons.strengthenironpickaxe":5,"stat.pickup.duneons.lightsword":5,"stat.useItem.minecraft.stonebrick":7,"stat.mineBlock.minecraft.log":198,"stat.pickup.duneons.molot":3,"stat.craftItem.minecraft.cooked_chicken":18,"stat.pickup.duneons.claytotem":2,"stat.killEntity.mutantbeasts.mutant_enderman":1,"stat.sneakTime":10259,"stat.pickup.minecraft.wool":6,"stat.pickup.duneons.elytepowerbow":9,"stat.craftItem.minecraft.spruce_fence_gate":1,"stat.useItem.duneons.lightsword":14,"stat.pickup.minecraft.stone_slab":6,"stat.pickup.minecraft.yellow_flower":12,"stat.pickup.minecraft.chest":5,"stat.cakeSlicesEaten":5,"stat.pickup.minecraft.bone":38,"stat.pickup.duneons.cutlass":6,"stat.pickup.minecraft.stone_pressure_plate":3,"stat.horseOneCm":922,"stat.useItem.minecraft.iron_axe":90,"stat.pickup.duneons.minerarmorhelmet":4,"stat.pickup.minecraft.spruce_fence_gate":1,"stat.mineBlock.minecraft.pumpkin":1,"stat.mineBlock.minecraft.cobblestone":18,"stat.mineBlock.minecraft.yellow_flower":1,"stat.useItem.duneons.stonebricker":4,"stat.useItem.minecraft.diamond_sword":15,"stat.killEntity.ghost":2,"stat.swimOneCm":76786,"stat.pickup.minecraft.enchanted_book":4,"stat.drop.minecraft.cobblestone":2,"stat.pickup.minecraft.cooked_porkchop":44,"stat.pickup.minecraft.sticky_piston":6,"stat.useItem.minecraft.dirt":205,"stat.useItem.minecraft.stone_slab2":67,"stat.pickup.minecraft.bow":1,"stat.useItem.duneons.trone":1,"stat.pickup.minecraft.iron_boots":3,"stat.pickup.minecraft.diamond_horse_armor":5,"stat.craftItem.minecraft.furnace":3,"stat.killEntity.artifacts.mimic":1,"stat.useItem.minecraft.egg":17,"stat.craftItem.minecraft.iron_boots":2,"stat.pickup.minecraft.anvil":1,"stat.pickup.animalium.rat_meat":2,"stat.craftItem.minecraft.stone_pickaxe":1,"stat.craftItem.minecraft.cooked_beef":2,"stat.pickup.minecraft.cobblestone":694,"stat.pickup.minecraft.gold_block":1,"stat.mineBlock.minecraft.redstone_block":1,"stat.mineBlock.minecraft.clay":8,"stat.useItem.duneons.molot":2,"stat.flyOneCm":693552,"stat.pickup.minecraft.sandstone":3,"stat.useItem.minecraft.cooked_beef":2,"stat.craftItem.minecraft.emerald_block":35,"stat.pickup.minecraft.redstone":34,"stat.mineBlock.minecraft.iron_ore":278,"stat.timeSinceDeath":11516,"stat.pickup.duneons.adventurearmororangebody":2,"stat.useItem.duneons.strengthenironpickaxe":27,"stat.killEntity.sleepkey1":1,"stat.craftItem.minecraft.iron_block":3,"stat.useItem.duneons.andesitebreked":3,"stat.mineBlock.duneons.dungeonbarrelbeer":1,"stat.pickup.duneons.poleaxe":14,"stat.pickup.minecraft.stonebrick":80,"stat.drop.minecraft.dirt":5,"stat.useItem.minecraft.cooked_porkchop":31,"stat.pickup.minecraft.iron_shovel":5,"stat.mineBlock.minecraft.coal_ore":119,"stat.killEntity.Creeper":1,"stat.pickup.minecraft.shield":9,"stat.pickup.minecraft.string":49,"stat.killEntity.executione":16,"stat.mineBlock.duneons.stonebricker":8,"stat.craftItem.minecraft.stone_slab2":0,"stat.killEntity.rat":4,"stat.useItem.minecraft.spruce_fence":19,"stat.sprintOneCm":590212,"stat.pickup.duneons.greenswoed":8,"stat.mineBlock.minecraft.stone_slab":3,"stat.craftItem.minecraft.stick":100,"stat.mineBlock.minecraft.diamond_ore":12,"stat.pickup.duneons.wax":8,"stat.entityKilledBy.VindicationIllager":1,"stat.mineBlock.minecraft.crafting_table":2,"stat.useItem.minecraft.diamond_pickaxe":811,"stat.pickup.minecraft.golden_horse_armor":2,"stat.useItem.duneons.greenswoed":60,"stat.mineBlock.minecraft.planks":9,"stat.drop":20,"stat.killEntity.jackolantern":1,"stat.killEntity.Sheep":2,"stat.craftItem.minecraft.diamond_pickaxe":1,"stat.killEntity.Zombie":7,"stat.craftItem.minecraft.dye":24,"stat.pickup.duneons.wolfarmorhelmet":3,"stat.mineBlock.minecraft.gold_ore":25,"stat.diveOneCm":73462,"stat.pickup.minecraft.wheat":10,"stat.drop.minecraft.wooden_pickaxe":1,"stat.mineBlock.duneons.bigcandle":1,"stat.pickup.minecraft.gravel":7,"stat.craftItem.minecraft.cooked_porkchop":20,"stat.pickup.duneons.stonebricker":8,"stat.mineBlock.minecraft.anvil":1,"stat.useItem.minecraft.apple":1,"stat.pickup.duneons.servingspoon":1,"stat.useItem.duneons.mudwithstones":13,"stat.useItem.minecraft.porkchop":1,"stat.useItem.minecraft.rotten_flesh":14,"stat.killEntity.pigchest":4,"stat.drop.minecraft.cooked_porkchop":1,"stat.pickup.minecraft.brick":12,"stat.jump":4076,"stat.pickup.minecraft.coal":285,"stat.pickup.minecraft.iron_helmet":4,"stat.pickup.minecraft.iron_ingot":113,"stat.useItem.minecraft.stone_axe":46,"stat.pickup.minecraft.gunpowder":63,"stat.pickup.minecraft.spider_eye":2,"stat.craftItem.minecraft.torch":88,"stat.pickup.minecraft.dirt":893,"stat.craftItem.minecraft.iron_helmet":2,"stat.mineBlock.minecraft.spruce_fence_gate":1,"stat.useItem.minecraft.cooked_chicken":16,"stat.pickup.minecraft.iron_ore":428,"stat.useItem.minecraft.sapling":42,"stat.pickup.minecraft.gold_ore":88,"stat.mineBlock.minecraft.lapis_ore":9,"stat.pickup.minecraft.iron_axe":6,"stat.mineBlock.minecraft.glass_pane":1,"stat.damageTaken":8301,"stat.pickup.minecraft.leather":3,"stat.mineBlock.minecraft.furnace":7,"stat.mineBlock.minecraft.torch":1,"stat.useItem.minecraft.wooden_pickaxe":30,"stat.mineBlock.minecraft.sapling":1,"stat.mineBlock.duneons.latticebriker":3,"stat.pickup.minecraft.reeds":31,"stat.pickup.duneons.latticebriker":8,"stat.pickup.minecraft.bed":2,"stat.damageDealt":13647,"stat.killEntity.chefillager":1,"stat.sleepInBed":8,"stat.craftItem.minecraft.anvil":1,"stat.craftItem.minecraft.baked_potato":1,"stat.killEntity.Silverfish":4,"stat.killEntity.Cow":2,"stat.killEntity.Pig":4,"stat.craftItem.minecraft.iron_sword":1,"stat.mineBlock.duneons.grass3":1,"stat.walkOneCm":1404987,"stat.animalsBred":2,"stat.useItem.minecraft.chest":2,"stat.pickup.minecraft.stick":23,"stat.pickup.minecraft.diamond_pickaxe":6,"stat.pickup.minecraft.clay_ball":47,"stat.craftItem.duneons.wick":1,"stat.pickup.minecraft.stone":101,"stat.craftItem.minecraft.iron_chestplate":2,"stat.pickup.minecraft.baked_potato":1,"stat.mineBlock.minecraft.wool":6,"stat.pickup.minecraft.ender_pearl":2,"stat.pickup.minecraft.gold_ingot":4,"stat.killEntity.Skeleton":9,"stat.killEntity.wild_dog":1,"stat.mineBlock.minecraft.stonebrick":35,"stat.killEntity.Chicken":12,"stat.killEntity.Spider":4,"stat.craftItem.minecraft.spruce_fence":27,"stat.mobKills":155,"stat.useItem.minecraft.golden_apple":1,"stat.pickup.minecraft.diamond":19,"stat.mineBlock.minecraft.leaves":66,"stat.pickup.minecraft.torch":41,"stat.mineBlock.minecraft.redstone_ore":2,"stat.pickup.duneons.corruptedbeacona":1,"stat.craftItem.minecraft.brick":9,"stat.mineBlock.minecraft.stone":639,"stat.pickup.duneons.ieerrifyingskeletonarmorbody":1}