{"stat.chestOpened":2,"stat.walkOneCm":127066,"stat.useItem.minecraft.torch":23,"stat.drop.minecraft.wooden_pickaxe":1,"stat.useItem.minecraft.iron_axe":6,"stat.pickup.minecraft.gravel":3,"stat.useItem.minecraft.cobblestone":33,"stat.furnaceInteraction":28,"stat.craftItem.minecraft.crafting_table":1,"stat.drop.minecraft.dirt":3,"stat.useItem.minecraft.gravel":2,"stat.craftItem.minecraft.iron_axe":1,"stat.useItem.minecraft.apple":1,"stat.mineBlock.minecraft.coal_ore":48,"stat.pickup.minecraft.log":46,"stat.killEntity.pigchest":1,"stat.jump":374,"stat.swimOneCm":820,"stat.pickup.minecraft.coal":81,"stat.fallOneCm":4767,"stat.craftItem.minecraft.shield":1,"stat.pickup.minecraft.beef":2,"stat.pickup.minecraft.furnace":2,"stat.useItem.minecraft.stone_axe":46,"stat.craftItem.minecraft.stone_slab2":0,"stat.pickup.minecraft.porkchop":1,"stat.craftItem.minecraft.iron_chestplate":1,"stat.crouchOneCm":4410,"stat.pickup.minecraft.chicken":10,"stat.craftItem.minecraft.torch":24,"stat.craftItem.minecraft.iron_ingot":33,"stat.pickup.minecraft.sapling":13,"stat.pickup.minecraft.dirt":34,"stat.useItem.minecraft.dirt":29,"stat.craftItem.minecraft.iron_helmet":1,"stat.sprintOneCm":50506,"stat.pickup.minecraft.red_mushroom":11,"stat.useItem.minecraft.stone_slab2":7,"stat.pickup.minecraft.apple":1,"stat.craftItem.minecraft.stick":20,"stat.useItem.minecraft.cooked_chicken":5,"stat.mineBlock.minecraft.red_mushroom":11,"stat.craftingTableInteraction":21,"stat.pickup.minecraft.iron_ore":79,"stat.pickup.minecraft.rotten_flesh":7,"stat.craftItem.minecraft.furnace":3,"stat.craftItem.minecraft.planks":184,"stat.killEntity.Chicken":10,"stat.craftItem.minecraft.stone_axe":1,"stat.craftItem.minecraft.iron_boots":1,"stat.damageTaken":283,"stat.pickup.minecraft.feather":11,"stat.pickup.minecraft.leather":3,"stat.pickup.duneons.strengthenironpickaxe":1,"stat.craftItem.minecraft.stone_pickaxe":1,"stat.mineBlock.minecraft.furnace":2,"stat.useItem.minecraft.wooden_pickaxe":30,"stat.craftItem.minecraft.cooked_beef":2,"stat.pickup.minecraft.cobblestone":84,"stat.mobKills":19,"stat.mineBlock.minecraft.log":46,"stat.craftItem.minecraft.cooked_chicken":7,"stat.flyOneCm":21206,"stat.drop":4,"stat.pickup.minecraft.brown_mushroom":1,"stat.mineBlock.minecraft.leaves":6,"stat.pickup.minecraft.egg":9,"stat.playOneMinute":27746,"stat.mineBlock.minecraft.gravel":3,"stat.useItem.minecraft.stone_pickaxe":113,"stat.sneakTime":1695,"stat.craftItem.minecraft.iron_pickaxe":1,"stat.craftItem.minecraft.iron_leggings":1,"stat.damageDealt":1935,"stat.mineBlock.minecraft.iron_ore":59,"stat.killEntity.Zombie":4,"stat.timeSinceDeath":27746,"stat.killEntity.Cow":2,"stat.mineBlock.minecraft.dirt":34,"stat.useItem.minecraft.iron_pickaxe":85,"stat.craftItem.minecraft.wooden_pickaxe":1,"stat.mineBlock.minecraft.stone":87,"stat.mineBlock.minecraft.tallgrass":1,"stat.craftItem.minecraft.iron_sword":1}