{"stat.cakeSlicesEaten":5,"stat.pickup.minecraft.bone":4,"stat.pickup.duneons.cutlass":4,"stat.horseOneCm":922,"stat.entityKilledBy.executione":2,"stat.useItem.minecraft.iron_axe":73,"stat.pickup.duneons.minerarmorhelmet":1,"stat.leaveGame":2,"stat.mineBlock.minecraft.pumpkin":1,"stat.mineBlock.minecraft.cobblestone":8,"stat.mineBlock.minecraft.yellow_flower":1,"stat.craftItem.minecraft.iron_axe":1,"stat.useItem.duneons.stonebricker":4,"stat.pickup.gravestone.death_info":1,"stat.pickup.duneons.vangardsword":3,"stat.killEntity.ghost":2,"stat.swimOneCm":31515,"stat.craftItem.minecraft.shield":2,"stat.useItem.minecraft.planks":297,"stat.pickup.minecraft.enchanted_book":3,"stat.mineBlock.minecraft.web":3,"stat.drop.minecraft.cobblestone":2,"stat.pickup.minecraft.cooked_porkchop":29,"stat.drop.minecraft.feather":2,"stat.pickup.minecraft.porkchop":24,"stat.killEntity.redstonecube":1,"stat.mineBlock.gravestone.gravestone":4,"stat.useItem.minecraft.dirt":116,"stat.useItem.minecraft.stone_slab2":37,"stat.pickup.minecraft.bow":1,"stat.pickup.minecraft.iron_boots":3,"stat.mineBlock.minecraft.red_mushroom":11,"stat.pickup.minecraft.rotten_flesh":55,"stat.pickup.minecraft.diamond_horse_armor":4,"stat.pickup.minecraft.sand":1,"stat.craftItem.minecraft.golden_apple":1,"stat.craftItem.minecraft.furnace":3,"stat.killEntity.artifacts.mimic":1,"stat.craftItem.minecraft.stone_axe":1,"stat.craftItem.minecraft.iron_boots":2,"stat.pickup.minecraft.anvil":1,"stat.pickup.minecraft.name_tag":7,"stat.craftItem.minecraft.stone_pickaxe":1,"stat.craftItem.minecraft.cooked_beef":2,"stat.pickup.minecraft.cobblestone":266,"stat.pickup.minecraft.gold_block":1,"stat.mineBlock.minecraft.redstone_block":1,"stat.mineBlock.minecraft.clay":8,"stat.useItem.duneons.molot":1,"stat.flyOneCm":142870,"stat.craftItem.minecraft.iron_shovel":2,"stat.pickup.minecraft.brown_mushroom":3,"stat.mineBlock.minecraft.sand":1,"stat.useItem.minecraft.cooked_beef":2,"stat.mineBlock.minecraft.iron_ore":118,"stat.timeSinceDeath":112131,"stat.useItem.minecraft.iron_pickaxe":242,"stat.useItem.duneons.strengthenironpickaxe":18,"stat.craftItem.minecraft.wooden_pickaxe":1,"stat.killEntity.sleepkey1":1,"stat.useItem.minecraft.iron_shovel":462,"stat.craftItem.minecraft.iron_block":3,"stat.mineBlock.duneons.dungeonbarrelbeer":1,"stat.drop.gravestone.death_info":2,"stat.pickup.minecraft.stonebrick":55,"stat.furnaceInteraction":90,"stat.drop.minecraft.dirt":4,"stat.useItem.minecraft.cooked_porkchop":21,"stat.pickup.minecraft.iron_shovel":1,"stat.mineBlock.minecraft.coal_ore":76,"stat.killEntity.Creeper":1,"stat.pickup.minecraft.shield":2,"stat.pickup.minecraft.string":3,"stat.killEntity.executione":3,"stat.mineBlock.duneons.stonebricker":8,"stat.pickup.minecraft.beef":2,"stat.pickup.minecraft.furnace":14,"stat.craftItem.minecraft.stone_slab2":0,"stat.killEntity.rat":1,"stat.sprintOneCm":365163,"stat.pickup.minecraft.iron_chestplate":2,"stat.pickup.duneons.greenswoed":3,"stat.mineBlock.minecraft.stone_slab":3,"stat.craftItem.minecraft.stick":40,"stat.mineBlock.minecraft.diamond_ore":8,"stat.pickup.duneons.wax":8,"stat.entityKilledBy.VindicationIllager":1,"stat.mineBlock.minecraft.crafting_table":2,"stat.useItem.minecraft.diamond_pickaxe":155,"stat.pickup.minecraft.pumpkin_seeds":8,"stat.pickup.minecraft.emerald":71,"stat.useItem.duneons.greenswoed":49,"stat.mineBlock.minecraft.planks":8,"stat.deaths":4,"stat.entityKilledBy.wild_dog":1,"stat.drop":12,"stat.pickup.minecraft.egg":15,"stat.playOneMinute":213310,"stat.craftItem.minecraft.iron_pickaxe":1,"stat.craftItem.minecraft.diamond_pickaxe":1,"stat.killEntity.Zombie":5,"stat.pickup.duneons.diamondsworddungeon":3,"stat.mineBlock.duneons.mudwithstones":15,"stat.mineBlock.minecraft.gold_ore":6,"stat.mineBlock.minecraft.tallgrass":28,"stat.pickup.minecraft.netherrack":2,"stat.diveOneCm":43836,"stat.pickup.duneons.armorclass5helmet":1,"stat.chestOpened":69,"stat.pickup.duneons.mudwithstones":15,"stat.pickup.minecraft.pumpkin":4,"stat.drop.minecraft.wooden_pickaxe":1,"stat.mineBlock.duneons.bigcandle":1,"stat.mineBlock.minecraft.netherrack":2,"stat.pickup.minecraft.gravel":7,"stat.pickup.minecraft.arrow":307,"stat.pickup.minecraft.iron_sword":3,"stat.craftItem.minecraft.cooked_porkchop":20,"stat.pickup.duneons.stonebricker":8,"stat.mineBlock.minecraft.anvil":1,"stat.mineBlock.duneons.candle":1,"stat.useItem.minecraft.apple":1,"stat.pickup.duneons.servingspoon":1,"stat.useItem.duneons.mudwithstones":13,"stat.useItem.minecraft.porkchop":1,"stat.craftItem.duneons.minerarmorhelmet":1,"stat.useItem.minecraft.rotten_flesh":14,"stat.killEntity.pigchest":4,"stat.drop.minecraft.cooked_porkchop":1,"stat.mineBlock.minecraft.gold_block":1,"stat.killEntity.vindicator_variant2":1,"stat.jump":2222,"stat.pickup.minecraft.coal":216,"stat.pickup.minecraft.cooked_chicken":2,"stat.pickup.minecraft.iron_helmet":2,"stat.fallOneCm":35752,"stat.pickup.minecraft.iron_ingot":50,"stat.useItem.minecraft.stone_axe":46,"stat.pickup.minecraft.gunpowder":1,"stat.crouchOneCm":12032,"stat.pickup.minecraft.rail":8,"stat.mineBlock.minecraft.chest":1,"stat.craftItem.minecraft.torch":28,"stat.craftItem.minecraft.iron_ingot":71,"stat.craftItem.minecraft.chest":3,"stat.pickup.minecraft.dirt":499,"stat.craftItem.minecraft.iron_helmet":1,"stat.pickup.minecraft.red_mushroom":11,"stat.useItem.minecraft.cooked_chicken":9,"stat.craftingTableInteraction":56,"stat.pickup.minecraft.iron_ore":165,"stat.useItem.minecraft.sapling":38,"stat.pickup.minecraft.gold_ore":12,"stat.mineBlock.minecraft.lapis_ore":5,"stat.pickup.minecraft.iron_axe":3,"stat.damageTaken":4105,"stat.pickup.minecraft.feather":54,"stat.pickup.minecraft.leather":3,"stat.useItem.duneons.cutlass":14,"stat.mineBlock.minecraft.furnace":7,"stat.useItem.minecraft.wooden_pickaxe":30,"stat.useItem.minecraft.furnace":1,"stat.killEntity.vindicator_variant1":1,"stat.mineBlock.duneons.latticebriker":3,"stat.pickup.minecraft.dye":28,"stat.pickup.minecraft.planks":182,"stat.pickup.minecraft.iron_leggings":4,"stat.pickup.minecraft.reeds":2,"stat.pickup.duneons.latticebriker":5,"stat.pickup.minecraft.wheat_seeds":9,"stat.mineBlock.minecraft.gravel":7,"stat.useItem.minecraft.stone_pickaxe":113,"stat.craftItem.minecraft.iron_leggings":1,"stat.damageDealt":8182,"stat.killEntity.chefillager":1,"stat.sleepInBed":4,"stat.craftItem.minecraft.anvil":1,"stat.killEntity.Cow":2,"stat.mineBlock.minecraft.dirt":476,"stat.killEntity.VindicationIllager":4,"stat.killEntity.Pig":4,"stat.pickup.minecraft.chainmail_boots":1,"stat.craftItem.minecraft.iron_sword":1,"stat.walkOneCm":710517,"stat.useItem.minecraft.torch":26,"stat.pickup.minecraft.golden_apple":3,"stat.useItem.minecraft.chest":1,"stat.craftItem.duneons.candle":1,"stat.pickup.minecraft.crafting_table":1,"stat.pickup.minecraft.clay_ball":28,"stat.useItem.minecraft.cobblestone":104,"stat.craftItem.minecraft.crafting_table":5,"stat.useItem.minecraft.gravel":2,"stat.pickup.minecraft.iron_hoe":4,"stat.craftItem.duneons.wick":1,"stat.mineBlock.minecraft.emerald_ore":1,"stat.pickup.minecraft.redstone_block":1,"stat.pickup.minecraft.log":127,"stat.pickup.minecraft.iron_pickaxe":4,"stat.craftItem.minecraft.gold_ingot":9,"stat.pickup.minecraft.stone":5,"stat.craftItem.minecraft.iron_chestplate":2,"stat.pickup.minecraft.chicken":11,"stat.pickup.minecraft.sapling":73,"stat.pickup.minecraft.wooden_door":1,"stat.pickup.minecraft.apple":7,"stat.killEntity.Skeleton":6,"stat.mineBlock.minecraft.stonebrick":34,"stat.craftItem.minecraft.planks":504,"stat.useItem.minecraft.iron_sword":23,"stat.killEntity.Chicken":11,"stat.pickup.duneons.strengthenironpickaxe":4,"stat.pickup.duneons.lightsword":1,"stat.mobKills":59,"stat.useItem.minecraft.stonebrick":7,"stat.mineBlock.minecraft.log":127,"stat.craftItem.minecraft.cooked_chicken":11,"stat.pickup.minecraft.diamond":9,"stat.mineBlock.minecraft.leaves":38,"stat.pickup.minecraft.torch":2,"stat.sneakTime":4200,"stat.pickup.duneons.elytepowerbow":3,"stat.pickup.minecraft.stone_slab":6,"stat.pickup.minecraft.yellow_flower":3,"stat.craftItem.minecraft.brick":9,"stat.mineBlock.minecraft.stone":245,"stat.pickup.duneons.ieerrifyingskeletonarmorbody":1,"stat.pickup.minecraft.chest":1}