{"stat.walkOneCm":9005,"stat.craftItem.minecraft.planks":8,"stat.drop.minecraft.wooden_pickaxe":1,"stat.furnaceInteraction":1,"stat.craftItem.minecraft.stone_pickaxe":1,"stat.useItem.minecraft.wooden_pickaxe":30,"stat.pickup.minecraft.cobblestone":26,"stat.mineBlock.minecraft.log":2,"stat.pickup.minecraft.log":2,"stat.flyOneCm":276,"stat.drop":1,"stat.mineBlock.minecraft.leaves":3,"stat.jump":23,"stat.playOneMinute":3446,"stat.useItem.minecraft.stone_pickaxe":27,"stat.sneakTime":4,"stat.timeSinceDeath":3446,"stat.pickup.minecraft.dirt":32,"stat.mineBlock.minecraft.dirt":32,"stat.sprintOneCm":902,"stat.craftItem.minecraft.wooden_pickaxe":1,"stat.mineBlock.minecraft.stone":26,"stat.craftItem.minecraft.stick":4,"stat.craftingTableInteraction":6}