{"stat.walkOneCm":68698,"stat.useItem.minecraft.torch":6,"stat.drop.minecraft.wooden_pickaxe":1,"stat.useItem.minecraft.cobblestone":19,"stat.furnaceInteraction":5,"stat.craftItem.minecraft.crafting_table":1,"stat.drop.minecraft.dirt":3,"stat.useItem.minecraft.apple":1,"stat.mineBlock.minecraft.coal_ore":16,"stat.pickup.minecraft.log":46,"stat.jump":236,"stat.swimOneCm":40,"stat.pickup.minecraft.coal":15,"stat.fallOneCm":3811,"stat.pickup.minecraft.beef":2,"stat.useItem.minecraft.stone_axe":25,"stat.craftItem.minecraft.stone_slab2":0,"stat.crouchOneCm":3299,"stat.pickup.minecraft.chicken":7,"stat.craftItem.minecraft.torch":8,"stat.pickup.minecraft.sapling":13,"stat.pickup.minecraft.dirt":33,"stat.useItem.minecraft.dirt":29,"stat.sprintOneCm":25537,"stat.useItem.minecraft.stone_slab2":3,"stat.pickup.minecraft.apple":1,"stat.craftItem.minecraft.stick":8,"stat.useItem.minecraft.cooked_chicken":2,"stat.craftingTableInteraction":11,"stat.pickup.minecraft.iron_ore":20,"stat.craftItem.minecraft.furnace":1,"stat.craftItem.minecraft.planks":184,"stat.killEntity.Chicken":7,"stat.craftItem.minecraft.stone_axe":1,"stat.damageTaken":158,"stat.pickup.minecraft.feather":8,"stat.pickup.minecraft.leather":3,"stat.craftItem.minecraft.stone_pickaxe":1,"stat.useItem.minecraft.wooden_pickaxe":30,"stat.pickup.minecraft.cobblestone":61,"stat.mobKills":9,"stat.mineBlock.minecraft.log":46,"stat.craftItem.minecraft.cooked_chicken":2,"stat.flyOneCm":6696,"stat.drop":4,"stat.mineBlock.minecraft.leaves":5,"stat.pickup.minecraft.egg":7,"stat.playOneMinute":16046,"stat.useItem.minecraft.stone_pickaxe":100,"stat.sneakTime":1165,"stat.damageDealt":570,"stat.mineBlock.minecraft.iron_ore":20,"stat.timeSinceDeath":16046,"stat.killEntity.Cow":2,"stat.mineBlock.minecraft.dirt":33,"stat.craftItem.minecraft.wooden_pickaxe":1,"stat.mineBlock.minecraft.stone":63,"stat.mineBlock.minecraft.tallgrass":1}