{"stat.pickup.minecraft.bone":10,"stat.useItem.minecraft.iron_axe":11,"stat.leaveGame":3,"stat.mineBlock.minecraft.cobblestone":13,"stat.pickup.minecraft.stone_pickaxe":5,"stat.craftItem.minecraft.iron_axe":1,"stat.mineBlock.minecraft.sandstone":15,"stat.killEntity.ghost":1,"stat.swimOneCm":15753,"stat.useItem.minecraft.planks":10,"stat.craftItem.minecraft.shield":1,"stat.pickup.minecraft.golden_boots":1,"stat.pickup.minecraft.porkchop":16,"stat.useItem.minecraft.dirt":12,"stat.useItem.minecraft.cookie":6,"stat.useItem.minecraft.stone_slab2":25,"stat.pickup.minecraft.iron_boots":1,"stat.pickup.minecraft.rotten_flesh":3,"stat.pickup.minecraft.sand":18,"stat.craftItem.minecraft.furnace":1,"stat.entityKilledBy.warriorvillager":2,"stat.craftItem.minecraft.stone_axe":4,"stat.craftItem.minecraft.iron_boots":1,"stat.pickup.animalium.rat_meat":1,"stat.craftItem.minecraft.stone_pickaxe":4,"stat.pickup.minecraft.shears":1,"stat.pickup.minecraft.cobblestone":597,"stat.craftItem.minecraft.stone_sword":2,"stat.flyOneCm":85683,"stat.pickup.minecraft.sandstone":15,"stat.mineBlock.minecraft.sand":15,"stat.mineBlock.minecraft.iron_ore":110,"stat.timeSinceDeath":6980,"stat.useItem.animalium.rat_meat_cooked":1,"stat.useItem.minecraft.iron_pickaxe":202,"stat.craftItem.minecraft.wooden_pickaxe":2,"stat.pickup.minecraft.mutton":5,"stat.craftItem.minecraft.bed":1,"stat.pickup.duneons.poleaxe":2,"stat.furnaceInteraction":29,"stat.useItem.minecraft.cooked_porkchop":8,"stat.pickup.minecraft.iron_shovel":1,"stat.mineBlock.minecraft.coal_ore":80,"stat.pickup.minecraft.shield":3,"stat.pickup.minecraft.string":16,"stat.pickup.minecraft.beef":8,"stat.useItem.minecraft.cooked_mutton":5,"stat.pickup.minecraft.furnace":2,"stat.entityKilledBy.t_geomancer_pillar_bomb":1,"stat.craftItem.minecraft.stone_slab2":0,"stat.useItem.duneons.macefix":50,"stat.killEntity.rat":2,"stat.sprintOneCm":94350,"stat.craftItem.animalium.rat_meat_cooked":1,"stat.pickup.minecraft.iron_chestplate":4,"stat.craftItem.minecraft.stick":60,"stat.mineBlock.minecraft.crafting_table":6,"stat.pickup.duneons.macefix":3,"stat.deaths":10,"stat.entityKilledBy.wild_dog":1,"stat.drop":1,"stat.pickup.minecraft.egg":1,"stat.playOneMinute":183129,"stat.killEntity.Sheep":3,"stat.craftItem.minecraft.iron_pickaxe":1,"stat.killEntity.Zombie":2,"stat.mineBlock.minecraft.gold_ore":1,"stat.mineBlock.minecraft.tallgrass":2,"stat.craftItem.minecraft.cooked_mutton":5,"stat.diveOneCm":36651,"stat.chestOpened":15,"stat.drop.minecraft.wooden_pickaxe":1,"stat.pickup.minecraft.gravel":5,"stat.pickup.minecraft.arrow":17,"stat.pickup.minecraft.iron_sword":2,"stat.craftItem.minecraft.cooked_porkchop":16,"stat.pickup.minecraft.stone_axe":6,"stat.killEntity.pigchest":5,"stat.jump":963,"stat.pickup.minecraft.coal":141,"stat.pickup.minecraft.iron_helmet":1,"stat.fallOneCm":14580,"stat.useItem.minecraft.stone_axe":107,"stat.crouchOneCm":11528,"stat.mineBlock.minecraft.chest":1,"stat.pickup.minecraft.spider_eye":2,"stat.craftItem.minecraft.torch":88,"stat.craftItem.minecraft.iron_ingot":106,"stat.craftItem.minecraft.chest":2,"stat.pickup.minecraft.dirt":61,"stat.craftItem.minecraft.iron_helmet":1,"stat.pickup.minecraft.golden_leggings":1,"stat.craftingTableInteraction":37,"stat.pickup.minecraft.iron_ore":116,"stat.boatOneCm":80708,"stat.pickup.minecraft.gold_ore":1,"stat.pickup.minecraft.cookie":6,"stat.pickup.minecraft.iron_axe":1,"stat.pickup.minecraft.wooden_pickaxe":6,"stat.pickup.minecraft.leather":4,"stat.pickup.minecraft.feather":1,"stat.damageTaken":3724,"stat.mineBlock.minecraft.torch":1,"stat.mineBlock.minecraft.furnace":2,"stat.useItem.minecraft.wooden_pickaxe":64,"stat.killEntity.vindicator_variant1":2,"stat.entityKilledBy.piranha":2,"stat.pickup.minecraft.planks":174,"stat.entityKilledBy.ZombieVillager":1,"stat.pickup.minecraft.reeds":12,"stat.pickup.minecraft.iron_leggings":1,"stat.pickup.minecraft.bed":4,"stat.pickup.minecraft.wheat_seeds":1,"stat.mineBlock.minecraft.gravel":5,"stat.useItem.minecraft.stone_pickaxe":284,"stat.useItem.minecraft.stone_sword":61,"stat.craftItem.minecraft.iron_leggings":1,"stat.damageDealt":11050,"stat.sleepInBed":3,"stat.killEntity.Cow":4,"stat.mineBlock.minecraft.dirt":27,"stat.craftItem.minecraft.iron_sword":2,"stat.pickup.minecraft.boat":1,"stat.walkOneCm":288635,"stat.useItem.minecraft.torch":58,"stat.useItem.minecraft.chest":1,"stat.pickup.minecraft.stick":78,"stat.pickup.minecraft.crafting_table":9,"stat.useItem.minecraft.cobblestone":90,"stat.craftItem.minecraft.crafting_table":7,"stat.useItem.minecraft.gravel":3,"stat.killEntity.piranha":1,"stat.craftItem.minecraft.boat":3,"stat.pickup.minecraft.log":231,"stat.pickup.minecraft.iron_pickaxe":2,"stat.pickup.minecraft.stone":33,"stat.craftItem.minecraft.iron_chestplate":1,"stat.pickup.minecraft.chicken":2,"stat.pickup.minecraft.sapling":27,"stat.pickup.minecraft.wooden_door":13,"stat.killEntity.megaspider":1,"stat.pickup.minecraft.apple":4,"stat.killEntity.Skeleton":6,"stat.killEntity.wild_dog":1,"stat.craftItem.minecraft.planks":164,"stat.useItem.minecraft.iron_sword":96,"stat.killEntity.t_geomancer_pillar_bomb":40,"stat.killEntity.Chicken":2,"stat.killEntity.Spider":1,"stat.pickup.minecraft.stone_sword":4,"stat.mobKills":80,"stat.mineBlock.minecraft.log":84,"stat.craftItem.minecraft.wooden_door":3,"stat.craftItem.minecraft.shears":1,"stat.useItem.minecraft.wooden_door":3,"stat.useItem.minecraft.boat":3,"stat.mineBlock.minecraft.leaves":15,"stat.pickup.minecraft.torch":15,"stat.sneakTime":6382,"stat.pickup.minecraft.wool":3,"stat.mineBlock.minecraft.stone":298,"stat.useItem.minecraft.sandstone":5,"stat.pickup.minecraft.chest":1}