{"stat.cakeSlicesEaten":7,"stat.pickup.duneons.purpleraper":1,"stat.pickup.minecraft.bone":24,"stat.pickup.duneons.glove":1,"stat.pickup.duneons.cutlass":1,"stat.useItem.minecraft.iron_axe":81,"stat.leaveGame":4,"stat.mineBlock.minecraft.cobblestone":18,"stat.useItem.duneons.dirtdark":10,"stat.pickup.minecraft.stone_pickaxe":5,"stat.pickup.minecraft.flint":5,"stat.entityKilledBy.Witch":2,"stat.craftItem.minecraft.iron_axe":1,"stat.mineBlock.duneons.coins":1,"stat.pickup.artifacts.everlasting_porkchop":1,"stat.pickup.gravestone.death_info":3,"stat.pickup.duneons.doubleaxeunique":1,"stat.mineBlock.minecraft.sandstone":20,"stat.pickup.duneons.serpgold":1,"stat.killEntity.ghost":1,"stat.mineBlock.minecraft.stained_glass_pane":2,"stat.killEntity.PigZombie":2,"stat.pickup.minecraft.fishing_rod":2,"stat.swimOneCm":23668,"stat.useItem.minecraft.planks":26,"stat.craftItem.minecraft.shield":1,"stat.pickup.minecraft.enchanted_book":4,"stat.mineBlock.minecraft.web":1,"stat.pickup.minecraft.golden_boots":1,"stat.pickup.minecraft.cooked_porkchop":1,"stat.pickup.minecraft.porkchop":48,"stat.mineBlock.gravestone.gravestone":6,"stat.craftItem.minecraft.arrow":8,"stat.useItem.minecraft.dirt":20,"stat.useItem.minecraft.cookie":6,"stat.killEntity.bluekeysleep":2,"stat.useItem.minecraft.stone_slab2":40,"stat.pickup.minecraft.iron_boots":6,"stat.useItem.minecraft.water_bucket":6,"stat.pickup.minecraft.rotten_flesh":4,"stat.pickup.minecraft.sand":24,"stat.craftItem.minecraft.furnace":2,"stat.entityKilledBy.warriorvillager":2,"stat.craftItem.minecraft.stone_axe":4,"stat.craftItem.minecraft.iron_boots":1,"stat.pickup.animalium.wild_dog_pelt":1,"stat.pickup.animalium.rat_meat":1,"stat.pickup.minecraft.name_tag":2,"stat.pickup.minecraft.bucket":1,"stat.craftItem.minecraft.stone_pickaxe":4,"stat.pickup.minecraft.shears":3,"stat.pickup.minecraft.cobblestone":945,"stat.pickup.duneons.ironbow":5,"stat.useItem.duneons.molot":6,"stat.craftItem.minecraft.stone_sword":2,"stat.flyOneCm":201789,"stat.pickup.minecraft.sandstone":20,"stat.pickup.minecraft.glass_bottle":1,"stat.mineBlock.minecraft.sand":21,"stat.pickup.minecraft.fish":7,"stat.killEntity.Witch":1,"stat.mineBlock.duneons.enchantedcarpet":2,"stat.mineBlock.duneons.bluevangardvase":1,"stat.craftItem.minecraft.cooked_fish":4,"stat.mineBlock.minecraft.iron_ore":122,"stat.timeSinceDeath":11982,"stat.useItem.animalium.rat_meat_cooked":1,"stat.mineBlock.duneons.darkbrick":1,"stat.pickup.duneons.coin":6,"stat.useItem.minecraft.iron_pickaxe":459,"stat.craftItem.minecraft.wooden_pickaxe":2,"stat.pickup.minecraft.mutton":5,"stat.useItem.minecraft.iron_shovel":76,"stat.craftItem.minecraft.bed":1,"stat.mineBlock.duneons.stackofbooks":1,"stat.pickup.duneons.poleaxe":18,"stat.drop.gravestone.death_info":6,"stat.mineBlock.duneons.arenaeyeblock":1,"stat.furnaceInteraction":45,"stat.drop.minecraft.dirt":1,"stat.useItem.minecraft.cooked_porkchop":13,"stat.pickup.minecraft.iron_shovel":10,"stat.mineBlock.minecraft.coal_ore":104,"stat.pickup.minecraft.shield":10,"stat.pickup.minecraft.string":67,"stat.killEntity.executione":6,"stat.pickup.minecraft.beef":8,"stat.useItem.minecraft.cooked_mutton":7,"stat.pickup.minecraft.furnace":6,"stat.entityKilledBy.t_geomancer_pillar_bomb":1,"stat.craftItem.minecraft.stone_slab2":0,"stat.useItem.duneons.macefix":50,"stat.killEntity.rat":3,"stat.sprintOneCm":232551,"stat.craftItem.animalium.rat_meat_cooked":1,"stat.pickup.minecraft.iron_chestplate":9,"stat.craftItem.minecraft.stick":80,"stat.pickup.duneons.wax":2,"stat.mineBlock.minecraft.crafting_table":9,"stat.entityKilledBy.VindicationIllager":1,"stat.useItem.duneons.poleaxe":30,"stat.pickup.duneons.giter":1,"stat.mineBlock.duneons.chainfly":3,"stat.useItem.minecraft.carrot":2,"stat.mineBlock.duneons.andesitebreked":2,"stat.pickup.minecraft.saddle":2,"stat.pickup.minecraft.emerald":8,"stat.pickup.duneons.macefix":3,"stat.mineBlock.duneons.dirtdark":6,"stat.deaths":16,"stat.pickup.minecraft.bowl":3,"stat.mineBlock.minecraft.planks":2,"stat.entityKilledBy.wild_dog":1,"stat.drop":8,"stat.pickup.minecraft.egg":1,"stat.playOneMinute":274994,"stat.killEntity.Sheep":3,"stat.craftItem.minecraft.iron_pickaxe":2,"stat.killEntity.Zombie":3,"stat.mineBlock.minecraft.gold_ore":1,"stat.mineBlock.minecraft.tallgrass":20,"stat.craftItem.minecraft.cooked_mutton":5,"stat.fishCaught":5,"stat.diveOneCm":58954,"stat.pickup.minecraft.cooked_mutton":2,"stat.chestOpened":39,"stat.drop.minecraft.wooden_pickaxe":1,"stat.mineBlock.duneons.bigcandle":1,"stat.pickup.minecraft.gravel":55,"stat.pickup.minecraft.arrow":231,"stat.pickup.minecraft.iron_sword":7,"stat.craftItem.minecraft.cooked_porkchop":25,"stat.pickup.duneons.lotscoins":10,"stat.pickup.minecraft.stone_axe":6,"stat.mineBlock.duneons.candle":2,"stat.useItem.minecraft.porkchop":2,"stat.pickup.minecraft.gold_nugget":3,"stat.killEntity.pigchest":7,"stat.pickup.duneons.enchantedcarpet":2,"stat.killEntity.vindicator_variant2":1,"stat.jump":2500,"stat.useItem.minecraft.sand":5,"stat.pickup.minecraft.coal":257,"stat.pickup.minecraft.iron_helmet":6,"stat.fallOneCm":29873,"stat.pickup.minecraft.iron_ingot":318,"stat.pickup.minecraft.carrot":2,"stat.useItem.minecraft.stone_axe":107,"stat.crouchOneCm":14398,"stat.mineBlock.minecraft.chest":1,"stat.pickup.minecraft.spider_eye":2,"stat.pickup.duneons.redbow":1,"stat.craftItem.minecraft.torch":88,"stat.craftItem.minecraft.iron_ingot":118,"stat.craftItem.minecraft.chest":4,"stat.pickup.minecraft.dirt":110,"stat.craftItem.minecraft.iron_helmet":2,"stat.craftItem.artifacts.everlasting_cooked_porkchop":1,"stat.pickup.minecraft.golden_leggings":1,"stat.pickup.duneons.stackofbooks":1,"stat.useItem.minecraft.cooked_chicken":1,"stat.craftingTableInteraction":57,"stat.pickup.minecraft.iron_ore":128,"stat.boatOneCm":269022,"stat.pickup.minecraft.gold_ore":1,"stat.pickup.minecraft.cookie":6,"stat.pickup.minecraft.iron_axe":10,"stat.pickup.minecraft.wooden_pickaxe":6,"stat.pickup.minecraft.leather":4,"stat.pickup.minecraft.feather":4,"stat.damageTaken":6538,"stat.mineBlock.duneons.chain":5,"stat.mineBlock.minecraft.torch":2,"stat.mineBlock.minecraft.furnace":4,"stat.mineBlock.minecraft.red_flower":2,"stat.useItem.minecraft.wooden_pickaxe":64,"stat.craftItem.duneons.ironbow":1,"stat.pickup.duneons.arenaeyeblock":1,"stat.pickup.duneons.chain":26,"stat.killEntity.vindicator_variant1":6,"stat.entityKilledBy.piranha":3,"stat.pickup.minecraft.planks":275,"stat.pickup.duneons.dirtdark":18,"stat.entityKilledBy.ZombieVillager":1,"stat.pickup.minecraft.reeds":12,"stat.pickup.minecraft.iron_leggings":6,"stat.pickup.minecraft.bed":4,"stat.pickup.minecraft.wheat_seeds":2,"stat.mineBlock.minecraft.gravel":42,"stat.useItem.minecraft.stone_pickaxe":284,"stat.useItem.minecraft.stone_sword":61,"stat.craftItem.minecraft.iron_leggings":1,"stat.damageDealt":16041,"stat.sleepInBed":5,"stat.killEntity.Silverfish":2,"stat.killEntity.Cow":4,"stat.mineBlock.minecraft.dirt":74,"stat.killEntity.VindicationIllager":9,"stat.killEntity.Pig":12,"stat.craftItem.minecraft.iron_sword":2,"stat.pickup.minecraft.boat":2,"stat.walkOneCm":521188,"stat.useItem.minecraft.torch":111,"stat.pickup.minecraft.golden_apple":2,"stat.useItem.minecraft.chest":2,"stat.pickup.minecraft.stick":96,"stat.pickup.minecraft.crafting_table":12,"stat.useItem.minecraft.cobblestone":90,"stat.craftItem.minecraft.crafting_table":11,"stat.useItem.minecraft.gravel":27,"stat.killEntity.piranha":1,"stat.craftItem.minecraft.boat":7,"stat.useItem.duneons.crumsoncoresword":23,"stat.pickup.minecraft.log":240,"stat.useItem.minecraft.cooked_fish":4,"stat.pickup.duneons.crumsoncoresword":1,"stat.pickup.minecraft.iron_pickaxe":7,"stat.pickup.minecraft.stone":72,"stat.pickup.duneons.doubleaxe":1,"stat.craftItem.minecraft.iron_chestplate":1,"stat.pickup.minecraft.chicken":5,"stat.pickup.minecraft.sapling":27,"stat.pickup.minecraft.wooden_door":13,"stat.killEntity.megaspider":1,"stat.pickup.minecraft.apple":4,"stat.killEntity.Skeleton":6,"stat.killEntity.wild_dog":4,"stat.craftItem.minecraft.bucket":1,"stat.craftItem.minecraft.planks":200,"stat.useItem.minecraft.iron_sword":113,"stat.killEntity.t_geomancer_pillar_bomb":40,"stat.killEntity.Chicken":3,"stat.killEntity.Spider":1,"stat.pickup.minecraft.stone_sword":4,"stat.craftItem.minecraft.fishing_rod":1,"stat.mobKills":137,"stat.mineBlock.minecraft.log":93,"stat.craftItem.minecraft.wooden_door":3,"stat.pickup.duneons.molot":3,"stat.craftItem.minecraft.shears":1,"stat.craftItem.minecraft.cooked_chicken":2,"stat.useItem.minecraft.wooden_door":3,"stat.useItem.minecraft.golden_apple":1,"stat.useItem.minecraft.boat":8,"stat.pickup.minecraft.water_bucket":4,"stat.pickup.minecraft.iron_door":1,"stat.mineBlock.minecraft.leaves":27,"stat.pickup.minecraft.beetroot_seeds":8,"stat.pickup.minecraft.torch":154,"stat.pickup.minecraft.red_flower":1,"stat.useItem.artifacts.everlasting_cooked_porkchop":1,"stat.sneakTime":7871,"stat.pickup.minecraft.wool":4,"stat.pickup.duneons.corruptedbeacona":1,"stat.pickup.duneons.elytepowerbow":1,"stat.mineBlock.minecraft.stone":462,"stat.pickup.duneons.redsnake":1,"stat.useItem.minecraft.fishing_rod":16,"stat.useItem.minecraft.sandstone":5,"stat.pickup.minecraft.chest":1}