{"stat.entityKilledBy.executione":2,"stat.leaveGame":12,"stat.craftItem.minecraft.iron_axe":1,"stat.pickup.gravestone.death_info":2,"stat.pickup.duneons.vangardsword":3,"stat.craftItem.minecraft.shield":2,"stat.useItem.minecraft.planks":297,"stat.mineBlock.minecraft.web":3,"stat.drop.minecraft.feather":2,"stat.pickup.minecraft.porkchop":24,"stat.killEntity.redstonecube":1,"stat.mineBlock.gravestone.gravestone":6,"stat.mineBlock.minecraft.red_mushroom":11,"stat.pickup.minecraft.rotten_flesh":56,"stat.pickup.minecraft.sand":2,"stat.craftItem.minecraft.golden_apple":1,"stat.pickup.minecraft.splash_potion":1,"stat.craftItem.minecraft.stone_axe":1,"stat.pickup.minecraft.name_tag":7,"stat.drop.duneons.ieerrifyingskeletonarmorhelmet":1,"stat.mineBlock.duneons.clayvase":1,"stat.craftItem.minecraft.iron_shovel":3,"stat.pickup.minecraft.brown_mushroom":4,"stat.mineBlock.minecraft.sand":2,"stat.useItem.minecraft.iron_pickaxe":242,"stat.craftItem.minecraft.wooden_pickaxe":1,"stat.useItem.minecraft.iron_shovel":658,"stat.drop.gravestone.death_info":5,"stat.furnaceInteraction":110,"stat.killEntity.ZombieVillager":1,"stat.pickup.minecraft.beef":2,"stat.pickup.minecraft.furnace":14,"stat.pickup.mowziesmobs.wrought_axe":1,"stat.pickup.minecraft.iron_chestplate":2,"stat.pickup.mowziesmobs.wrought_helmet":3,"stat.pickup.minecraft.potion":2,"stat.pickup.minecraft.pumpkin_seeds":8,"stat.mineBlock.duneons.andesitebreked":1,"stat.pickup.minecraft.emerald":71,"stat.deaths":6,"stat.entityKilledBy.wild_dog":1,"stat.pickup.minecraft.egg":15,"stat.playOneMinute":311650,"stat.craftItem.minecraft.iron_pickaxe":1,"stat.pickup.duneons.diamondsworddungeon":3,"stat.mineBlock.duneons.mudwithstones":17,"stat.mineBlock.minecraft.tallgrass":32,"stat.pickup.minecraft.netherrack":2,"stat.pickup.duneons.armorclass5helmet":1,"stat.mineBlock.duneons.lavabrickblock":1,"stat.chestOpened":121,"stat.pickup.duneons.mudwithstones":17,"stat.pickup.minecraft.pumpkin":4,"stat.useItem.minecraft.splash_potion":1,"stat.mineBlock.duneons.coinsmall":1,"stat.mineBlock.minecraft.netherrack":3,"stat.pickup.minecraft.arrow":442,"stat.pickup.minecraft.iron_sword":3,"stat.mineBlock.duneons.candle":1,"stat.craftItem.duneons.minerarmorhelmet":1,"stat.pickup.duneons.ieerrifyingskeletonarmorhelmet":1,"stat.mineBlock.minecraft.gold_block":1,"stat.killEntity.vindicator_variant2":1,"stat.pickup.minecraft.cooked_chicken":2,"stat.fallOneCm":44597,"stat.crouchOneCm":13714,"stat.pickup.minecraft.rail":8,"stat.mineBlock.minecraft.chest":1,"stat.craftItem.minecraft.iron_ingot":98,"stat.craftItem.minecraft.chest":5,"stat.pickup.minecraft.red_mushroom":11,"stat.craftingTableInteraction":66,"stat.pickup.duneons.armorclass5body":2,"stat.pickup.minecraft.feather":54,"stat.useItem.duneons.cutlass":49,"stat.useItem.minecraft.furnace":2,"stat.killEntity.vindicator_variant1":2,"stat.pickup.minecraft.dye":28,"stat.pickup.minecraft.planks":182,"stat.pickup.minecraft.iron_leggings":6,"stat.pickup.minecraft.wheat_seeds":10,"stat.mineBlock.minecraft.gravel":7,"stat.useItem.minecraft.stone_pickaxe":113,"stat.craftItem.minecraft.iron_leggings":2,"stat.mineBlock.duneons.brickevil":1,"stat.mineBlock.minecraft.dirt":673,"stat.killEntity.VindicationIllager":4,"stat.pickup.minecraft.chainmail_boots":3,"stat.useItem.minecraft.torch":33,"stat.pickup.minecraft.golden_apple":3,"stat.craftItem.duneons.candle":1,"stat.pickup.minecraft.crafting_table":1,"stat.useItem.minecraft.cobblestone":183,"stat.craftItem.minecraft.crafting_table":6,"stat.useItem.minecraft.gravel":2,"stat.pickup.minecraft.iron_hoe":4,"stat.mineBlock.minecraft.emerald_ore":1,"stat.pickup.minecraft.redstone_block":1,"stat.pickup.minecraft.log":197,"stat.pickup.minecraft.iron_pickaxe":4,"stat.craftItem.minecraft.gold_ingot":9,"stat.pickup.minecraft.chicken":11,"stat.pickup.minecraft.sapling":89,"stat.pickup.minecraft.wooden_door":1,"stat.pickup.minecraft.apple":8,"stat.craftItem.minecraft.planks":620,"stat.useItem.minecraft.iron_sword":23,"stat.pickup.duneons.strengthenironpickaxe":4,"stat.pickup.duneons.lightsword":1,"stat.useItem.minecraft.stonebrick":7,"stat.mineBlock.minecraft.log":198,"stat.pickup.duneons.molot":2,"stat.craftItem.minecraft.cooked_chicken":18,"stat.sneakTime":5476,"stat.pickup.duneons.elytepowerbow":5,"stat.useItem.duneons.lightsword":1,"stat.pickup.minecraft.stone_slab":6,"stat.pickup.minecraft.yellow_flower":4,"stat.pickup.minecraft.chest":1,"stat.cakeSlicesEaten":5,"stat.pickup.minecraft.bone":4,"stat.pickup.duneons.cutlass":6,"stat.horseOneCm":922,"stat.useItem.minecraft.iron_axe":87,"stat.pickup.duneons.minerarmorhelmet":3,"stat.mineBlock.minecraft.pumpkin":1,"stat.mineBlock.minecraft.cobblestone":16,"stat.mineBlock.minecraft.yellow_flower":1,"stat.useItem.duneons.stonebricker":4,"stat.killEntity.ghost":2,"stat.swimOneCm":40859,"stat.pickup.minecraft.enchanted_book":3,"stat.drop.minecraft.cobblestone":2,"stat.pickup.minecraft.cooked_porkchop":44,"stat.useItem.minecraft.dirt":133,"stat.useItem.minecraft.stone_slab2":45,"stat.pickup.minecraft.bow":1,"stat.pickup.minecraft.iron_boots":3,"stat.pickup.minecraft.diamond_horse_armor":4,"stat.craftItem.minecraft.furnace":3,"stat.killEntity.artifacts.mimic":1,"stat.craftItem.minecraft.iron_boots":2,"stat.pickup.minecraft.anvil":1,"stat.craftItem.minecraft.stone_pickaxe":1,"stat.craftItem.minecraft.cooked_beef":2,"stat.pickup.minecraft.cobblestone":483,"stat.pickup.minecraft.gold_block":1,"stat.mineBlock.minecraft.redstone_block":1,"stat.mineBlock.minecraft.clay":8,"stat.useItem.duneons.molot":2,"stat.flyOneCm":548964,"stat.useItem.minecraft.cooked_beef":2,"stat.mineBlock.minecraft.iron_ore":147,"stat.timeSinceDeath":94566,"stat.useItem.duneons.strengthenironpickaxe":18,"stat.killEntity.sleepkey1":1,"stat.craftItem.minecraft.iron_block":3,"stat.mineBlock.duneons.dungeonbarrelbeer":1,"stat.pickup.minecraft.stonebrick":55,"stat.drop.minecraft.dirt":5,"stat.useItem.minecraft.cooked_porkchop":31,"stat.pickup.minecraft.iron_shovel":3,"stat.mineBlock.minecraft.coal_ore":94,"stat.killEntity.Creeper":1,"stat.pickup.minecraft.shield":4,"stat.pickup.minecraft.string":6,"stat.killEntity.executione":3,"stat.mineBlock.duneons.stonebricker":8,"stat.craftItem.minecraft.stone_slab2":0,"stat.killEntity.rat":2,"stat.sprintOneCm":506643,"stat.pickup.duneons.greenswoed":3,"stat.mineBlock.minecraft.stone_slab":3,"stat.craftItem.minecraft.stick":80,"stat.mineBlock.minecraft.diamond_ore":8,"stat.pickup.duneons.wax":8,"stat.entityKilledBy.VindicationIllager":1,"stat.mineBlock.minecraft.crafting_table":2,"stat.useItem.minecraft.diamond_pickaxe":448,"stat.useItem.duneons.greenswoed":49,"stat.mineBlock.minecraft.planks":8,"stat.drop":17,"stat.craftItem.minecraft.diamond_pickaxe":1,"stat.killEntity.Zombie":5,"stat.mineBlock.minecraft.gold_ore":6,"stat.diveOneCm":45679,"stat.drop.minecraft.wooden_pickaxe":1,"stat.mineBlock.duneons.bigcandle":1,"stat.pickup.minecraft.gravel":7,"stat.craftItem.minecraft.cooked_porkchop":20,"stat.pickup.duneons.stonebricker":8,"stat.mineBlock.minecraft.anvil":1,"stat.useItem.minecraft.apple":1,"stat.pickup.duneons.servingspoon":1,"stat.useItem.duneons.mudwithstones":13,"stat.useItem.minecraft.porkchop":1,"stat.useItem.minecraft.rotten_flesh":14,"stat.killEntity.pigchest":4,"stat.drop.minecraft.cooked_porkchop":1,"stat.jump":2867,"stat.pickup.minecraft.coal":247,"stat.pickup.minecraft.iron_helmet":3,"stat.pickup.minecraft.iron_ingot":50,"stat.useItem.minecraft.stone_axe":46,"stat.pickup.minecraft.gunpowder":1,"stat.pickup.minecraft.spider_eye":1,"stat.craftItem.minecraft.torch":88,"stat.pickup.minecraft.dirt":688,"stat.craftItem.minecraft.iron_helmet":2,"stat.useItem.minecraft.cooked_chicken":10,"stat.pickup.minecraft.iron_ore":193,"stat.useItem.minecraft.sapling":42,"stat.pickup.minecraft.gold_ore":12,"stat.mineBlock.minecraft.lapis_ore":5,"stat.pickup.minecraft.iron_axe":5,"stat.mineBlock.minecraft.glass_pane":1,"stat.damageTaken":5650,"stat.pickup.minecraft.leather":3,"stat.mineBlock.minecraft.furnace":7,"stat.useItem.minecraft.wooden_pickaxe":30,"stat.mineBlock.duneons.latticebriker":3,"stat.pickup.minecraft.reeds":2,"stat.pickup.duneons.latticebriker":5,"stat.pickup.minecraft.bed":2,"stat.damageDealt":10059,"stat.killEntity.chefillager":1,"stat.sleepInBed":6,"stat.craftItem.minecraft.anvil":1,"stat.craftItem.minecraft.baked_potato":1,"stat.killEntity.Silverfish":1,"stat.killEntity.Cow":2,"stat.killEntity.Pig":4,"stat.craftItem.minecraft.iron_sword":1,"stat.mineBlock.duneons.grass3":1,"stat.walkOneCm":953246,"stat.useItem.minecraft.chest":2,"stat.pickup.minecraft.diamond_pickaxe":2,"stat.pickup.minecraft.clay_ball":28,"stat.craftItem.duneons.wick":1,"stat.pickup.minecraft.stone":42,"stat.craftItem.minecraft.iron_chestplate":2,"stat.killEntity.Skeleton":7,"stat.mineBlock.minecraft.stonebrick":35,"stat.killEntity.Chicken":11,"stat.killEntity.Spider":1,"stat.mobKills":70,"stat.useItem.minecraft.golden_apple":1,"stat.pickup.minecraft.diamond":9,"stat.mineBlock.minecraft.leaves":40,"stat.pickup.minecraft.torch":3,"stat.craftItem.minecraft.brick":9,"stat.mineBlock.minecraft.stone":472,"stat.pickup.duneons.ieerrifyingskeletonarmorbody":1}