{"stat.cakeSlicesEaten":5,"stat.pickup.minecraft.bone":3,"stat.pickup.duneons.cutlass":3,"stat.entityKilledBy.executione":2,"stat.useItem.minecraft.iron_axe":68,"stat.leaveGame":2,"stat.mineBlock.minecraft.pumpkin":1,"stat.mineBlock.minecraft.cobblestone":2,"stat.mineBlock.minecraft.yellow_flower":1,"stat.craftItem.minecraft.iron_axe":1,"stat.useItem.duneons.stonebricker":4,"stat.pickup.gravestone.death_info":1,"stat.pickup.duneons.vangardsword":3,"stat.killEntity.ghost":1,"stat.swimOneCm":7537,"stat.craftItem.minecraft.shield":1,"stat.useItem.minecraft.planks":270,"stat.pickup.minecraft.enchanted_book":3,"stat.mineBlock.minecraft.web":2,"stat.drop.minecraft.cobblestone":2,"stat.pickup.minecraft.cooked_porkchop":24,"stat.pickup.minecraft.porkchop":8,"stat.killEntity.redstonecube":1,"stat.mineBlock.gravestone.gravestone":4,"stat.useItem.minecraft.dirt":113,"stat.useItem.minecraft.stone_slab2":27,"stat.pickup.minecraft.iron_boots":2,"stat.mineBlock.minecraft.red_mushroom":11,"stat.pickup.minecraft.rotten_flesh":49,"stat.pickup.minecraft.diamond_horse_armor":4,"stat.pickup.minecraft.sand":1,"stat.craftItem.minecraft.golden_apple":1,"stat.craftItem.minecraft.furnace":3,"stat.killEntity.artifacts.mimic":1,"stat.craftItem.minecraft.stone_axe":1,"stat.craftItem.minecraft.iron_boots":1,"stat.pickup.minecraft.name_tag":7,"stat.craftItem.minecraft.stone_pickaxe":1,"stat.craftItem.minecraft.cooked_beef":2,"stat.pickup.minecraft.cobblestone":156,"stat.pickup.minecraft.gold_block":1,"stat.mineBlock.minecraft.redstone_block":1,"stat.flyOneCm":98748,"stat.craftItem.minecraft.iron_shovel":2,"stat.pickup.minecraft.brown_mushroom":3,"stat.mineBlock.minecraft.sand":1,"stat.useItem.minecraft.cooked_beef":2,"stat.mineBlock.minecraft.iron_ore":70,"stat.timeSinceDeath":38331,"stat.useItem.minecraft.iron_pickaxe":182,"stat.useItem.duneons.strengthenironpickaxe":18,"stat.craftItem.minecraft.wooden_pickaxe":1,"stat.useItem.minecraft.iron_shovel":432,"stat.mineBlock.duneons.dungeonbarrelbeer":1,"stat.drop.gravestone.death_info":2,"stat.pickup.minecraft.stonebrick":55,"stat.furnaceInteraction":54,"stat.drop.minecraft.dirt":4,"stat.useItem.minecraft.cooked_porkchop":8,"stat.mineBlock.minecraft.coal_ore":66,"stat.killEntity.Creeper":1,"stat.pickup.minecraft.shield":2,"stat.pickup.minecraft.string":2,"stat.killEntity.executione":3,"stat.mineBlock.duneons.stonebricker":8,"stat.pickup.minecraft.beef":2,"stat.pickup.minecraft.furnace":10,"stat.craftItem.minecraft.stone_slab2":0,"stat.killEntity.rat":1,"stat.sprintOneCm":251681,"stat.pickup.minecraft.iron_chestplate":2,"stat.pickup.duneons.greenswoed":3,"stat.mineBlock.minecraft.stone_slab":3,"stat.craftItem.minecraft.stick":24,"stat.pickup.duneons.wax":8,"stat.entityKilledBy.VindicationIllager":1,"stat.pickup.minecraft.emerald":71,"stat.useItem.duneons.greenswoed":36,"stat.mineBlock.minecraft.planks":8,"stat.deaths":4,"stat.entityKilledBy.wild_dog":1,"stat.drop":9,"stat.pickup.minecraft.egg":10,"stat.playOneMinute":139510,"stat.craftItem.minecraft.iron_pickaxe":1,"stat.killEntity.Zombie":5,"stat.pickup.duneons.diamondsworddungeon":3,"stat.mineBlock.duneons.mudwithstones":15,"stat.mineBlock.minecraft.tallgrass":25,"stat.diveOneCm":1991,"stat.chestOpened":25,"stat.pickup.duneons.mudwithstones":15,"stat.pickup.minecraft.pumpkin":4,"stat.drop.minecraft.wooden_pickaxe":1,"stat.mineBlock.duneons.bigcandle":1,"stat.pickup.minecraft.gravel":3,"stat.pickup.minecraft.arrow":302,"stat.pickup.minecraft.iron_sword":3,"stat.craftItem.minecraft.cooked_porkchop":6,"stat.pickup.duneons.stonebricker":8,"stat.mineBlock.duneons.candle":1,"stat.useItem.minecraft.apple":1,"stat.useItem.duneons.mudwithstones":13,"stat.useItem.minecraft.porkchop":1,"stat.useItem.minecraft.rotten_flesh":14,"stat.killEntity.pigchest":4,"stat.mineBlock.minecraft.gold_block":1,"stat.killEntity.vindicator_variant2":1,"stat.jump":1477,"stat.pickup.minecraft.coal":183,"stat.pickup.minecraft.cooked_chicken":2,"stat.pickup.minecraft.iron_helmet":2,"stat.fallOneCm":22671,"stat.pickup.minecraft.iron_ingot":43,"stat.useItem.minecraft.stone_axe":46,"stat.pickup.minecraft.gunpowder":1,"stat.crouchOneCm":8887,"stat.craftItem.minecraft.torch":28,"stat.craftItem.minecraft.iron_ingot":35,"stat.craftItem.minecraft.chest":3,"stat.pickup.minecraft.dirt":484,"stat.craftItem.minecraft.iron_helmet":1,"stat.pickup.minecraft.red_mushroom":11,"stat.useItem.minecraft.cooked_chicken":8,"stat.craftingTableInteraction":34,"stat.pickup.minecraft.iron_ore":123,"stat.useItem.minecraft.sapling":38,"stat.pickup.minecraft.iron_axe":3,"stat.damageTaken":3038,"stat.pickup.minecraft.feather":52,"stat.pickup.minecraft.leather":3,"stat.mineBlock.minecraft.furnace":4,"stat.useItem.minecraft.wooden_pickaxe":30,"stat.useItem.minecraft.furnace":1,"stat.mineBlock.duneons.latticebriker":3,"stat.pickup.minecraft.planks":182,"stat.pickup.minecraft.iron_leggings":3,"stat.pickup.duneons.latticebriker":5,"stat.pickup.minecraft.wheat_seeds":6,"stat.mineBlock.minecraft.gravel":3,"stat.useItem.minecraft.stone_pickaxe":113,"stat.craftItem.minecraft.iron_leggings":1,"stat.damageDealt":6054,"stat.killEntity.Cow":2,"stat.mineBlock.minecraft.dirt":461,"stat.killEntity.VindicationIllager":4,"stat.killEntity.Pig":1,"stat.craftItem.minecraft.iron_sword":1,"stat.walkOneCm":488700,"stat.useItem.minecraft.torch":26,"stat.pickup.minecraft.golden_apple":3,"stat.useItem.minecraft.chest":1,"stat.useItem.minecraft.cobblestone":70,"stat.craftItem.minecraft.crafting_table":4,"stat.useItem.minecraft.gravel":2,"stat.pickup.minecraft.iron_hoe":4,"stat.craftItem.duneons.wick":1,"stat.pickup.minecraft.redstone_block":1,"stat.pickup.minecraft.log":127,"stat.pickup.minecraft.iron_pickaxe":3,"stat.craftItem.minecraft.gold_ingot":9,"stat.craftItem.minecraft.iron_chestplate":1,"stat.pickup.minecraft.chicken":11,"stat.pickup.minecraft.sapling":73,"stat.pickup.minecraft.wooden_door":1,"stat.pickup.minecraft.apple":7,"stat.killEntity.Skeleton":3,"stat.mineBlock.minecraft.stonebrick":34,"stat.craftItem.minecraft.planks":440,"stat.useItem.minecraft.iron_sword":23,"stat.killEntity.Chicken":11,"stat.pickup.duneons.strengthenironpickaxe":4,"stat.mobKills":44,"stat.useItem.minecraft.stonebrick":7,"stat.mineBlock.minecraft.log":127,"stat.craftItem.minecraft.cooked_chicken":11,"stat.mineBlock.minecraft.leaves":32,"stat.pickup.minecraft.torch":2,"stat.sneakTime":2830,"stat.pickup.duneons.elytepowerbow":3,"stat.pickup.minecraft.stone_slab":6,"stat.pickup.minecraft.yellow_flower":3,"stat.mineBlock.minecraft.stone":123}