{"stat.chestOpened":2,"stat.walkOneCm":177007,"stat.useItem.minecraft.torch":23,"stat.drop.minecraft.wooden_pickaxe":1,"stat.useItem.minecraft.iron_axe":12,"stat.pickup.minecraft.gravel":3,"stat.useItem.minecraft.cobblestone":60,"stat.furnaceInteraction":41,"stat.craftItem.minecraft.crafting_table":1,"stat.drop.minecraft.dirt":3,"stat.useItem.minecraft.gravel":2,"stat.craftItem.minecraft.iron_axe":1,"stat.useItem.minecraft.apple":1,"stat.mineBlock.minecraft.coal_ore":66,"stat.pickup.minecraft.iron_hoe":1,"stat.pickup.minecraft.log":46,"stat.pickup.minecraft.string":1,"stat.killEntity.pigchest":2,"stat.killEntity.vindicator_variant2":1,"stat.jump":581,"stat.swimOneCm":5739,"stat.pickup.minecraft.coal":99,"stat.fallOneCm":6941,"stat.craftItem.minecraft.shield":1,"stat.pickup.minecraft.beef":2,"stat.pickup.minecraft.furnace":2,"stat.mineBlock.minecraft.web":1,"stat.useItem.minecraft.stone_axe":46,"stat.craftItem.minecraft.stone_slab2":0,"stat.pickup.minecraft.porkchop":2,"stat.craftItem.minecraft.iron_chestplate":1,"stat.killEntity.rat":1,"stat.crouchOneCm":4598,"stat.pickup.minecraft.chicken":10,"stat.craftItem.minecraft.torch":24,"stat.craftItem.minecraft.iron_ingot":35,"stat.pickup.minecraft.sapling":13,"stat.pickup.minecraft.dirt":34,"stat.useItem.minecraft.dirt":29,"stat.craftItem.minecraft.iron_helmet":1,"stat.sprintOneCm":85776,"stat.pickup.minecraft.red_mushroom":11,"stat.useItem.minecraft.stone_slab2":8,"stat.pickup.minecraft.apple":1,"stat.craftItem.minecraft.stick":20,"stat.useItem.minecraft.cooked_chicken":8,"stat.mineBlock.minecraft.red_mushroom":11,"stat.craftingTableInteraction":22,"stat.pickup.minecraft.iron_ore":90,"stat.pickup.minecraft.rotten_flesh":7,"stat.craftItem.minecraft.furnace":3,"stat.craftItem.minecraft.planks":184,"stat.useItem.minecraft.iron_sword":15,"stat.killEntity.artifacts.mimic":1,"stat.killEntity.Chicken":10,"stat.craftItem.minecraft.stone_axe":1,"stat.craftItem.minecraft.iron_boots":1,"stat.damageTaken":757,"stat.pickup.minecraft.feather":11,"stat.pickup.minecraft.leather":3,"stat.pickup.duneons.strengthenironpickaxe":1,"stat.craftItem.minecraft.stone_pickaxe":1,"stat.mineBlock.minecraft.furnace":2,"stat.useItem.minecraft.wooden_pickaxe":30,"stat.craftItem.minecraft.cooked_beef":2,"stat.pickup.minecraft.cobblestone":96,"stat.mobKills":24,"stat.mineBlock.minecraft.log":46,"stat.craftItem.minecraft.cooked_chicken":10,"stat.pickup.minecraft.planks":1,"stat.pickup.minecraft.iron_leggings":1,"stat.flyOneCm":35749,"stat.drop":4,"stat.pickup.minecraft.brown_mushroom":1,"stat.mineBlock.minecraft.leaves":15,"stat.pickup.minecraft.egg":9,"stat.playOneMinute":40346,"stat.mineBlock.minecraft.gravel":3,"stat.useItem.minecraft.stone_pickaxe":113,"stat.useItem.minecraft.cooked_beef":2,"stat.sneakTime":1760,"stat.craftItem.minecraft.iron_pickaxe":1,"stat.craftItem.minecraft.iron_leggings":1,"stat.damageDealt":2763,"stat.mineBlock.minecraft.iron_ore":70,"stat.killEntity.Zombie":4,"stat.timeSinceDeath":40346,"stat.killEntity.Cow":2,"stat.mineBlock.minecraft.dirt":34,"stat.useItem.minecraft.iron_pickaxe":128,"stat.craftItem.minecraft.wooden_pickaxe":1,"stat.mineBlock.minecraft.stone":101,"stat.mineBlock.minecraft.tallgrass":1,"stat.craftItem.minecraft.iron_sword":1}