{"stat.chestOpened":8,"stat.pickup.minecraft.pumpkin":1,"stat.drop.minecraft.wooden_pickaxe":1,"stat.useItem.minecraft.iron_axe":35,"stat.pickup.minecraft.gravel":3,"stat.mineBlock.minecraft.pumpkin":1,"stat.craftItem.minecraft.cooked_porkchop":6,"stat.mineBlock.minecraft.cobblestone":2,"stat.craftItem.minecraft.iron_axe":1,"stat.useItem.minecraft.apple":1,"stat.useItem.minecraft.porkchop":1,"stat.useItem.minecraft.rotten_flesh":14,"stat.killEntity.ghost":1,"stat.killEntity.pigchest":4,"stat.killEntity.vindicator_variant2":1,"stat.jump":1030,"stat.swimOneCm":7256,"stat.pickup.minecraft.coal":122,"stat.fallOneCm":13744,"stat.craftItem.minecraft.shield":1,"stat.pickup.minecraft.iron_ingot":1,"stat.useItem.minecraft.planks":13,"stat.mineBlock.minecraft.web":1,"stat.drop.minecraft.cobblestone":2,"stat.useItem.minecraft.stone_axe":46,"stat.pickup.minecraft.porkchop":8,"stat.pickup.minecraft.gunpowder":1,"stat.crouchOneCm":4691,"stat.craftItem.minecraft.torch":28,"stat.craftItem.minecraft.iron_ingot":35,"stat.craftItem.minecraft.chest":1,"stat.pickup.minecraft.dirt":49,"stat.useItem.minecraft.dirt":35,"stat.craftItem.minecraft.iron_helmet":1,"stat.pickup.minecraft.red_mushroom":11,"stat.useItem.minecraft.stone_slab2":17,"stat.useItem.minecraft.cooked_chicken":8,"stat.mineBlock.minecraft.red_mushroom":11,"stat.craftingTableInteraction":27,"stat.pickup.minecraft.iron_ore":90,"stat.pickup.minecraft.rotten_flesh":12,"stat.pickup.minecraft.diamond_horse_armor":1,"stat.craftItem.minecraft.furnace":3,"stat.killEntity.artifacts.mimic":1,"stat.craftItem.minecraft.stone_axe":1,"stat.craftItem.minecraft.iron_boots":1,"stat.damageTaken":1055,"stat.pickup.minecraft.feather":13,"stat.pickup.minecraft.leather":3,"stat.pickup.minecraft.name_tag":1,"stat.craftItem.minecraft.stone_pickaxe":1,"stat.mineBlock.minecraft.furnace":4,"stat.useItem.minecraft.wooden_pickaxe":30,"stat.craftItem.minecraft.cooked_beef":2,"stat.useItem.minecraft.furnace":1,"stat.pickup.minecraft.cobblestone":122,"stat.pickup.minecraft.planks":4,"stat.pickup.minecraft.iron_leggings":1,"stat.flyOneCm":67540,"stat.pickup.minecraft.brown_mushroom":1,"stat.pickup.minecraft.wheat_seeds":3,"stat.mineBlock.minecraft.gravel":3,"stat.useItem.minecraft.stone_pickaxe":113,"stat.useItem.minecraft.cooked_beef":2,"stat.craftItem.minecraft.iron_leggings":1,"stat.damageDealt":3985,"stat.mineBlock.minecraft.iron_ore":70,"stat.timeSinceDeath":76346,"stat.killEntity.Cow":2,"stat.mineBlock.minecraft.dirt":49,"stat.useItem.minecraft.iron_pickaxe":154,"stat.craftItem.minecraft.wooden_pickaxe":1,"stat.killEntity.Pig":1,"stat.craftItem.minecraft.iron_sword":1,"stat.walkOneCm":293258,"stat.useItem.minecraft.torch":26,"stat.useItem.minecraft.cobblestone":70,"stat.furnaceInteraction":52,"stat.craftItem.minecraft.crafting_table":4,"stat.drop.minecraft.dirt":4,"stat.useItem.minecraft.gravel":2,"stat.useItem.minecraft.cooked_porkchop":2,"stat.mineBlock.minecraft.coal_ore":66,"stat.pickup.minecraft.iron_hoe":1,"stat.killEntity.Creeper":1,"stat.craftItem.duneons.wick":1,"stat.pickup.minecraft.string":1,"stat.pickup.minecraft.log":47,"stat.pickup.minecraft.beef":2,"stat.pickup.minecraft.furnace":4,"stat.craftItem.minecraft.stone_slab2":0,"stat.craftItem.minecraft.iron_chestplate":1,"stat.killEntity.rat":1,"stat.pickup.minecraft.chicken":11,"stat.pickup.minecraft.sapling":13,"stat.sprintOneCm":168662,"stat.pickup.minecraft.apple":1,"stat.craftItem.minecraft.stick":20,"stat.killEntity.Skeleton":1,"stat.craftItem.minecraft.planks":184,"stat.useItem.minecraft.iron_sword":23,"stat.killEntity.Chicken":11,"stat.pickup.duneons.strengthenironpickaxe":1,"stat.mobKills":33,"stat.mineBlock.minecraft.log":46,"stat.craftItem.minecraft.cooked_chicken":11,"stat.mineBlock.minecraft.planks":2,"stat.drop":7,"stat.mineBlock.minecraft.leaves":24,"stat.pickup.minecraft.egg":9,"stat.playOneMinute":76346,"stat.craftItem.minecraft.iron_pickaxe":1,"stat.sneakTime":1816,"stat.killEntity.Zombie":4,"stat.mineBlock.minecraft.stone":123,"stat.mineBlock.minecraft.tallgrass":11,"stat.diveOneCm":1991}