{"stat.chestOpened":2,"stat.drop.minecraft.wooden_pickaxe":1,"stat.useItem.minecraft.iron_axe":21,"stat.pickup.minecraft.gravel":3,"stat.craftItem.minecraft.iron_axe":1,"stat.useItem.minecraft.apple":1,"stat.useItem.minecraft.porkchop":1,"stat.useItem.minecraft.rotten_flesh":12,"stat.killEntity.ghost":1,"stat.killEntity.pigchest":2,"stat.killEntity.vindicator_variant2":1,"stat.jump":711,"stat.swimOneCm":5739,"stat.pickup.minecraft.coal":99,"stat.fallOneCm":8981,"stat.craftItem.minecraft.shield":1,"stat.mineBlock.minecraft.web":1,"stat.useItem.minecraft.stone_axe":46,"stat.pickup.minecraft.porkchop":5,"stat.crouchOneCm":4598,"stat.craftItem.minecraft.torch":24,"stat.craftItem.minecraft.iron_ingot":35,"stat.pickup.minecraft.dirt":39,"stat.useItem.minecraft.dirt":33,"stat.craftItem.minecraft.iron_helmet":1,"stat.pickup.minecraft.red_mushroom":11,"stat.useItem.minecraft.stone_slab2":11,"stat.useItem.minecraft.cooked_chicken":8,"stat.mineBlock.minecraft.red_mushroom":11,"stat.craftingTableInteraction":25,"stat.pickup.minecraft.iron_ore":90,"stat.pickup.minecraft.rotten_flesh":9,"stat.craftItem.minecraft.furnace":3,"stat.killEntity.artifacts.mimic":1,"stat.craftItem.minecraft.stone_axe":1,"stat.craftItem.minecraft.iron_boots":1,"stat.damageTaken":943,"stat.pickup.minecraft.feather":11,"stat.pickup.minecraft.leather":3,"stat.craftItem.minecraft.stone_pickaxe":1,"stat.mineBlock.minecraft.furnace":2,"stat.useItem.minecraft.wooden_pickaxe":30,"stat.craftItem.minecraft.cooked_beef":2,"stat.pickup.minecraft.cobblestone":101,"stat.pickup.minecraft.planks":1,"stat.pickup.minecraft.iron_leggings":1,"stat.flyOneCm":42638,"stat.pickup.minecraft.brown_mushroom":1,"stat.pickup.minecraft.wheat_seeds":1,"stat.mineBlock.minecraft.gravel":3,"stat.useItem.minecraft.stone_pickaxe":113,"stat.useItem.minecraft.cooked_beef":2,"stat.craftItem.minecraft.iron_leggings":1,"stat.damageDealt":3270,"stat.mineBlock.minecraft.iron_ore":70,"stat.timeSinceDeath":52046,"stat.killEntity.Cow":2,"stat.mineBlock.minecraft.dirt":39,"stat.useItem.minecraft.iron_pickaxe":133,"stat.craftItem.minecraft.wooden_pickaxe":1,"stat.killEntity.Pig":1,"stat.craftItem.minecraft.iron_sword":1,"stat.walkOneCm":216263,"stat.useItem.minecraft.torch":23,"stat.useItem.minecraft.cobblestone":69,"stat.furnaceInteraction":41,"stat.craftItem.minecraft.crafting_table":2,"stat.drop.minecraft.dirt":3,"stat.useItem.minecraft.gravel":2,"stat.mineBlock.minecraft.coal_ore":66,"stat.pickup.minecraft.iron_hoe":1,"stat.pickup.minecraft.string":1,"stat.pickup.minecraft.log":47,"stat.pickup.minecraft.beef":2,"stat.pickup.minecraft.furnace":2,"stat.craftItem.minecraft.stone_slab2":0,"stat.craftItem.minecraft.iron_chestplate":1,"stat.killEntity.rat":1,"stat.pickup.minecraft.chicken":10,"stat.pickup.minecraft.sapling":13,"stat.sprintOneCm":109331,"stat.pickup.minecraft.apple":1,"stat.craftItem.minecraft.stick":20,"stat.craftItem.minecraft.planks":184,"stat.useItem.minecraft.iron_sword":15,"stat.killEntity.Chicken":10,"stat.pickup.duneons.strengthenironpickaxe":1,"stat.mobKills":27,"stat.mineBlock.minecraft.log":46,"stat.craftItem.minecraft.cooked_chicken":10,"stat.drop":4,"stat.mineBlock.minecraft.leaves":23,"stat.pickup.minecraft.egg":9,"stat.playOneMinute":52046,"stat.craftItem.minecraft.iron_pickaxe":1,"stat.sneakTime":1764,"stat.killEntity.Zombie":4,"stat.mineBlock.minecraft.stone":106,"stat.mineBlock.minecraft.tallgrass":9}