{"stat.leaveGame":1,"stat.mineBlock.minecraft.cobblestone":7,"stat.mineBlock.minecraft.yellow_flower":8,"stat.useItem.minecraft.apple":1,"stat.craftItem.minecraft.coal":1,"stat.jump":460,"stat.fallOneCm":11748,"stat.useItem.minecraft.planks":51,"stat.useItem.minecraft.stone_axe":62,"stat.crouchOneCm":3,"stat.pickup.minecraft.dirt":47,"stat.useItem.minecraft.dirt":23,"stat.useItem.minecraft.stone_slab2":7,"stat.useItem.minecraft.cooked_chicken":4,"stat.craftingTableInteraction":12,"stat.craftItem.minecraft.furnace":1,"stat.craftItem.minecraft.stone_axe":1,"stat.damageTaken":370,"stat.pickup.minecraft.feather":7,"stat.craftItem.minecraft.stone_pickaxe":1,"stat.useItem.minecraft.wooden_pickaxe":11,"stat.pickup.minecraft.cobblestone":66,"stat.pickup.minecraft.planks":85,"stat.useItem.minecraft.stone_shovel":43,"stat.craftItem.minecraft.stone_sword":1,"stat.flyOneCm":20289,"stat.pickup.minecraft.oak_stairs":6,"stat.useItem.minecraft.stone_pickaxe":45,"stat.useItem.minecraft.stone_sword":9,"stat.damageDealt":318,"stat.timeSinceDeath":25227,"stat.craftItem.minecraft.oak_stairs":8,"stat.mineBlock.minecraft.dirt":45,"stat.craftItem.minecraft.wooden_pickaxe":1,"stat.craftItem.minecraft.stone_shovel":1,"stat.walkOneCm":107915,"stat.pickup.minecraft.crafting_table":1,"stat.useItem.minecraft.log":8,"stat.useItem.minecraft.oak_stairs":9,"stat.useItem.minecraft.cobblestone":24,"stat.craftItem.minecraft.crafting_table":1,"stat.furnaceInteraction":10,"stat.pickup.minecraft.log":65,"stat.craftItem.minecraft.stone_slab2":0,"stat.pickup.minecraft.chicken":6,"stat.pickup.minecraft.sapling":16,"stat.sprintOneCm":31241,"stat.pickup.minecraft.apple":1,"stat.craftItem.minecraft.stick":12,"stat.craftItem.minecraft.planks":48,"stat.killEntity.Chicken":6,"stat.mineBlock.minecraft.crafting_table":1,"stat.mobKills":6,"stat.mineBlock.minecraft.log":66,"stat.craftItem.minecraft.cooked_chicken":6,"stat.mineBlock.minecraft.oak_stairs":6,"stat.mineBlock.minecraft.planks":21,"stat.mineBlock.minecraft.leaves":21,"stat.pickup.minecraft.egg":4,"stat.playOneMinute":25227,"stat.sneakTime":38,"stat.pickup.minecraft.yellow_flower":7,"stat.mineBlock.minecraft.stone":47,"stat.mineBlock.minecraft.tallgrass":1}