{"stat.useItem.minecraft.bow":38,"stat.leaveGame":3,"stat.craftItem.minecraft.iron_axe":1,"stat.pickup.gravestone.death_info":3,"stat.pickup.duneons.serpgold":1,"stat.useItem.minecraft.planks":227,"stat.craftItem.minecraft.shield":2,"stat.pickup.minecraft.porkchop":9,"stat.killEntity.redstonecube":1,"stat.pickup.minecraft.glass":1,"stat.mineBlock.gravestone.gravestone":4,"stat.pickup.minecraft.rotten_flesh":23,"stat.pickup.minecraft.sand":8,"stat.craftItem.minecraft.stone_axe":1,"stat.pickup.minecraft.bucket":3,"stat.craftItem.minecraft.stone_sword":1,"stat.pickup.minecraft.chainmail_chestplate":3,"stat.pickup.minecraft.brown_mushroom":4,"stat.mineBlock.minecraft.sand":8,"stat.useItem.minecraft.iron_pickaxe":257,"stat.craftItem.minecraft.wooden_pickaxe":1,"stat.pickup.minecraft.armor_stand":2,"stat.mineBlock.duneons.arenaeyeblock":1,"stat.useItem.minecraft.oak_stairs":12,"stat.furnaceInteraction":48,"stat.pickup.minecraft.beef":24,"stat.pickup.minecraft.furnace":2,"stat.useItem.minecraft.cooked_mutton":21,"stat.pickup.minecraft.totem_of_undying":1,"stat.useItem.minecraft.trapdoor":5,"stat.pickup.minecraft.iron_chestplate":5,"stat.killEntity.hostile":1,"stat.pickup.minecraft.emerald":10,"stat.pickup.duneons.macefix":2,"stat.useItem.minecraft.beef":2,"stat.mineBlock.minecraft.oak_stairs":6,"stat.deaths":4,"stat.pickup.minecraft.egg":27,"stat.killEntity.skeletonvangard":1,"stat.playOneMinute":187640,"stat.craftItem.minecraft.iron_pickaxe":1,"stat.pickup.minecraft.diamond_block":2,"stat.pickup.duneons.darkwolfarmorhelmet":1,"stat.pickup.minecraft.iron_bars":6,"stat.mineBlock.minecraft.tallgrass":12,"stat.craftItem.minecraft.cooked_mutton":13,"stat.pickup.minecraft.netherrack":1,"stat.pickup.duneons.armorclass5helmet":1,"stat.pickup.minecraft.cooked_mutton":14,"stat.chestOpened":20,"stat.pickup.minecraft.spruce_door":1,"stat.pickup.minecraft.iron_sword":3,"stat.pickup.minecraft.arrow":46,"stat.mineBlock.duneons.candle":5,"stat.pickup.duneons.ieerrifyingskeletonarmorhelmet":2,"stat.craftItem.minecraft.coal":7,"stat.mineBlock.minecraft.gold_block":42,"stat.pickup.minecraft.cooked_chicken":2,"stat.fallOneCm":101754,"stat.crouchOneCm":3095,"stat.craftItem.minecraft.iron_ingot":47,"stat.craftItem.minecraft.chest":3,"stat.mineBlock.duneons.bookshelfdun":2,"stat.craftingTableInteraction":42,"stat.pickup.duneons.armorclass5body":2,"stat.pickup.minecraft.wooden_pickaxe":4,"stat.pickup.minecraft.feather":45,"stat.pickup.minecraft.record_cat":2,"stat.mineBlock.duneons.chain":1,"stat.useItem.duneons.cutlass":94,"stat.useItem.minecraft.furnace":2,"stat.pickup.duneons.chain":1,"stat.killEntity.vindicator_variant1":5,"stat.pickup.minecraft.planks":269,"stat.pickup.minecraft.iron_leggings":5,"stat.pickup.minecraft.wheat_seeds":8,"stat.mineBlock.minecraft.gravel":1,"stat.useItem.minecraft.stone_pickaxe":86,"stat.useItem.minecraft.stone_sword":19,"stat.craftItem.minecraft.iron_leggings":1,"stat.mineBlock.duneons.creeperdoor":2,"stat.useItem.minecraft.wool":1,"stat.craftItem.minecraft.oak_stairs":8,"stat.mineBlock.minecraft.dirt":95,"stat.killEntity.VindicationIllager":12,"stat.useItem.minecraft.torch":96,"stat.useItem.minecraft.bread":3,"stat.drop.minecraft.rotten_flesh":2,"stat.pickup.minecraft.crafting_table":2,"stat.useItem.minecraft.log":8,"stat.useItem.minecraft.cobblestone":112,"stat.craftItem.minecraft.crafting_table":5,"stat.useItem.duneons.crumsoncoresword":93,"stat.pickup.minecraft.log":127,"stat.pickup.minecraft.iron_pickaxe":4,"stat.craftItem.minecraft.gold_ingot":27,"stat.pickup.minecraft.chicken":17,"stat.pickup.minecraft.tipped_arrow":3,"stat.pickup.minecraft.sapling":74,"stat.pickup.minecraft.wooden_door":6,"stat.pickup.minecraft.apple":2,"stat.craftItem.minecraft.bucket":1,"stat.craftItem.minecraft.planks":216,"stat.useItem.minecraft.iron_sword":83,"stat.killEntity.t_geomancer_pillar_bomb":2,"stat.pickup.duneons.lightsword":2,"stat.pickup.minecraft.stone_sword":3,"stat.mineBlock.minecraft.log":71,"stat.craftItem.minecraft.wooden_door":3,"stat.craftItem.minecraft.cooked_chicken":12,"stat.useItem.minecraft.wooden_door":1,"stat.pickup.minecraft.iron_door":1,"stat.pickup.minecraft.red_flower":3,"stat.sneakTime":1021,"stat.pickup.minecraft.wool":27,"stat.pickup.minecraft.yellow_flower":33,"stat.pickup.minecraft.chest":2,"stat.pickup.minecraft.bone":17,"stat.pickup.duneons.cutlass":1,"stat.useItem.minecraft.iron_axe":36,"stat.pickup.duneons.minerarmorhelmet":1,"stat.mineBlock.minecraft.cobblestone":30,"stat.pickup.minecraft.stone_pickaxe":4,"stat.mineBlock.minecraft.yellow_flower":10,"stat.pickup.duneons.beer":1,"stat.mineBlock.minecraft.stained_glass_pane":4,"stat.swimOneCm":25580,"stat.mineBlock.minecraft.diamond_block":1,"stat.pickup.minecraft.cooked_porkchop":5,"stat.useItem.minecraft.dirt":48,"stat.killEntity.warriorvillager":4,"stat.useItem.minecraft.cookie":6,"stat.useItem.minecraft.stone_slab2":38,"stat.pickup.minecraft.bow":1,"stat.pickup.minecraft.iron_boots":5,"stat.pickup.duneons.wolfarmorbody":1,"stat.craftItem.minecraft.furnace":6,"stat.killEntity.artifacts.mimic":1,"stat.craftItem.minecraft.iron_boots":1,"stat.craftItem.minecraft.trapdoor":4,"stat.craftItem.minecraft.stone_pickaxe":1,"stat.craftItem.minecraft.cooked_beef":1,"stat.pickup.minecraft.cobblestone":244,"stat.pickup.minecraft.gold_block":79,"stat.useItem.minecraft.stone_shovel":43,"stat.flyOneCm":465183,"stat.mineBlock.duneons.enchantedcarpet":2,"stat.useItem.minecraft.cooked_beef":1,"stat.pickup.minecraft.redstone":3,"stat.mineBlock.minecraft.iron_ore":42,"stat.timeSinceDeath":40646,"stat.pickup.minecraft.mutton":40,"stat.useItem.minecraft.totem_of_undying":1,"stat.pickup.duneons.poleaxe":15,"stat.pickup.minecraft.chainmail_helmet":1,"stat.pickup.minecraft.stonebrick":7,"stat.useItem.minecraft.cooked_porkchop":4,"stat.pickup.minecraft.trapdoor":9,"stat.mineBlock.minecraft.coal_ore":14,"stat.pickup.minecraft.shield":6,"stat.pickup.minecraft.string":5,"stat.killEntity.executione":11,"stat.pickup.duneons.claymoreblue":2,"stat.entityKilledBy.Skeleton":1,"stat.craftItem.minecraft.stone_slab2":0,"stat.useItem.duneons.macefix":1,"stat.sprintOneCm":371772,"stat.craftItem.minecraft.stick":20,"stat.pickup.duneons.wax":20,"stat.mineBlock.minecraft.crafting_table":1,"stat.pickup.duneons.giter":1,"stat.mineBlock.duneons.bushsmall":1,"stat.mineBlock.minecraft.planks":69,"stat.drop":7,"stat.killEntity.Sheep":18,"stat.killEntity.Zombie":14,"stat.pickup.artifacts.bottled_cloud":6,"stat.diveOneCm":36570,"stat.mineBlock.duneons.bigcandle":1,"stat.craftItem.minecraft.cooked_porkchop":6,"stat.pickup.minecraft.stone_axe":3,"stat.useItem.minecraft.apple":2,"stat.useItem.minecraft.porkchop":5,"stat.killEntity.pigchest":1,"stat.drop.minecraft.cooked_porkchop":2,"stat.pickup.duneons.enchantedcarpet":2,"stat.jump":3770,"stat.pickup.minecraft.iron_helmet":3,"stat.pickup.minecraft.coal":70,"stat.pickup.minecraft.iron_ingot":33,"stat.useItem.minecraft.stone_axe":83,"stat.mineBlock.duneons.carrotshelf":1,"stat.mineBlock.duneons.arenaeyeblockactive":1,"stat.pickup.minecraft.spider_eye":1,"stat.craftItem.minecraft.torch":72,"stat.pickup.duneons.creeperdoor":4,"stat.pickup.minecraft.dirt":207,"stat.craftItem.minecraft.iron_helmet":1,"stat.pickup.minecraft.knowledge_book":2,"stat.useItem.minecraft.cooked_chicken":14,"stat.drop.minecraft.glass":1,"stat.pickup.minecraft.iron_ore":86,"stat.useItem.minecraft.glass":6,"stat.pickup.minecraft.stone_shovel":3,"stat.mineBlock.minecraft.iron_bars":2,"stat.pickup.minecraft.iron_axe":6,"stat.pickup.minecraft.cookie":6,"stat.damageTaken":4438,"stat.pickup.minecraft.leather":14,"stat.mineBlock.minecraft.torch":27,"stat.mineBlock.minecraft.furnace":2,"stat.mineBlock.minecraft.red_flower":1,"stat.useItem.minecraft.wooden_pickaxe":11,"stat.pickup.minecraft.reeds":36,"stat.pickup.minecraft.bed":10,"stat.pickup.artifacts.thorn_pendant":1,"stat.pickup.minecraft.potato":1,"stat.pickup.minecraft.oak_stairs":6,"stat.damageDealt":17884,"stat.craftItem.minecraft.glass":8,"stat.sleepInBed":4,"stat.killEntity.Silverfish":2,"stat.killEntity.Cow":4,"stat.killEntity.Pig":4,"stat.craftItem.minecraft.iron_sword":1,"stat.craftItem.minecraft.stone_shovel":1,"stat.walkOneCm":613449,"stat.useItem.minecraft.chest":1,"stat.pickup.minecraft.stick":22,"stat.mineBlock.duneons.woodbacketwater":1,"stat.craftItem.duneons.wick":1,"stat.drop.minecraft.iron_chestplate":1,"stat.pickup.minecraft.stone":16,"stat.craftItem.minecraft.iron_chestplate":1,"stat.mineBlock.minecraft.wool":1,"stat.pickup.minecraft.ender_pearl":1,"stat.pickup.minecraft.gold_ingot":21,"stat.killEntity.Skeleton":3,"stat.killEntity.wild_dog":1,"stat.mineBlock.minecraft.stonebrick":13,"stat.killEntity.Chicken":13,"stat.drop.minecraft.crafting_table":1,"stat.killEntity.Spider":1,"stat.mobKills":103,"stat.mineBlock.minecraft.leaves":32,"stat.pickup.duneons.commandorarmorlegs":1,"stat.pickup.minecraft.torch":64,"stat.pickup.duneons.corruptedbeacona":1,"stat.mineBlock.minecraft.stone":153,"stat.pickup.duneons.ieerrifyingskeletonarmorbody":1}