{"stat.pickup.minecraft.bone":4,"stat.useItem.minecraft.iron_axe":36,"stat.leaveGame":1,"stat.pickup.minecraft.iron_sword":2,"stat.mineBlock.minecraft.cobblestone":30,"stat.pickup.minecraft.stone_pickaxe":2,"stat.pickup.minecraft.stone_axe":2,"stat.mineBlock.minecraft.yellow_flower":9,"stat.craftItem.minecraft.iron_axe":1,"stat.useItem.minecraft.apple":2,"stat.pickup.gravestone.death_info":1,"stat.craftItem.minecraft.coal":7,"stat.jump":1229,"stat.swimOneCm":12054,"stat.pickup.minecraft.cooked_chicken":2,"stat.pickup.minecraft.iron_helmet":2,"stat.pickup.minecraft.coal":30,"stat.fallOneCm":28582,"stat.useItem.minecraft.planks":158,"stat.craftItem.minecraft.shield":1,"stat.pickup.minecraft.iron_ingot":22,"stat.useItem.minecraft.stone_axe":83,"stat.killEntity.redstonecube":1,"stat.crouchOneCm":2694,"stat.pickup.minecraft.glass":1,"stat.mineBlock.gravestone.gravestone":2,"stat.craftItem.minecraft.torch":4,"stat.craftItem.minecraft.iron_ingot":47,"stat.pickup.minecraft.dirt":135,"stat.useItem.minecraft.dirt":33,"stat.craftItem.minecraft.iron_helmet":1,"stat.useItem.minecraft.stone_slab2":17,"stat.pickup.minecraft.iron_boots":2,"stat.useItem.minecraft.cooked_chicken":10,"stat.drop.minecraft.glass":1,"stat.craftingTableInteraction":25,"stat.pickup.minecraft.iron_ore":71,"stat.pickup.minecraft.rotten_flesh":2,"stat.pickup.minecraft.sand":8,"stat.useItem.minecraft.glass":6,"stat.craftItem.minecraft.furnace":1,"stat.pickup.minecraft.stone_shovel":2,"stat.pickup.minecraft.iron_axe":2,"stat.craftItem.minecraft.stone_axe":1,"stat.craftItem.minecraft.iron_boots":1,"stat.pickup.minecraft.wooden_pickaxe":2,"stat.damageTaken":1206,"stat.pickup.minecraft.feather":29,"stat.craftItem.minecraft.trapdoor":4,"stat.pickup.minecraft.bucket":2,"stat.craftItem.minecraft.stone_pickaxe":1,"stat.mineBlock.minecraft.torch":6,"stat.mineBlock.minecraft.furnace":1,"stat.useItem.minecraft.wooden_pickaxe":11,"stat.pickup.minecraft.cobblestone":179,"stat.pickup.minecraft.planks":182,"stat.useItem.minecraft.stone_shovel":43,"stat.pickup.minecraft.reeds":27,"stat.pickup.minecraft.iron_leggings":2,"stat.craftItem.minecraft.stone_sword":1,"stat.flyOneCm":72254,"stat.pickup.minecraft.chainmail_chestplate":2,"stat.pickup.minecraft.brown_mushroom":3,"stat.mineBlock.minecraft.sand":8,"stat.pickup.minecraft.oak_stairs":6,"stat.useItem.minecraft.stone_pickaxe":86,"stat.useItem.minecraft.stone_sword":19,"stat.craftItem.minecraft.iron_leggings":1,"stat.damageDealt":2230,"stat.craftItem.minecraft.glass":8,"stat.pickup.minecraft.redstone":2,"stat.mineBlock.minecraft.iron_ore":42,"stat.timeSinceDeath":2950,"stat.craftItem.minecraft.oak_stairs":8,"stat.mineBlock.minecraft.dirt":54,"stat.useItem.minecraft.iron_pickaxe":78,"stat.craftItem.minecraft.wooden_pickaxe":1,"stat.craftItem.minecraft.iron_sword":1,"stat.craftItem.minecraft.stone_shovel":1,"stat.walkOneCm":234684,"stat.useItem.minecraft.torch":5,"stat.pickup.minecraft.stick":10,"stat.drop.minecraft.rotten_flesh":2,"stat.pickup.minecraft.crafting_table":1,"stat.useItem.minecraft.log":8,"stat.useItem.minecraft.oak_stairs":12,"stat.useItem.minecraft.cobblestone":103,"stat.craftItem.minecraft.crafting_table":1,"stat.furnaceInteraction":31,"stat.pickup.minecraft.trapdoor":7,"stat.pickup.minecraft.shield":2,"stat.pickup.minecraft.log":104,"stat.pickup.minecraft.iron_pickaxe":2,"stat.pickup.minecraft.furnace":1,"stat.entityKilledBy.Skeleton":1,"stat.craftItem.minecraft.stone_slab2":0,"stat.pickup.minecraft.stone":9,"stat.craftItem.minecraft.iron_chestplate":1,"stat.pickup.minecraft.chicken":10,"stat.pickup.minecraft.sapling":55,"stat.useItem.minecraft.trapdoor":5,"stat.sprintOneCm":86852,"stat.pickup.minecraft.wooden_door":4,"stat.pickup.minecraft.iron_chestplate":2,"stat.pickup.minecraft.apple":2,"stat.craftItem.minecraft.stick":20,"stat.killEntity.Skeleton":1,"stat.killEntity.wild_dog":1,"stat.craftItem.minecraft.bucket":1,"stat.craftItem.minecraft.planks":136,"stat.useItem.minecraft.iron_sword":31,"stat.killEntity.Chicken":9,"stat.mineBlock.minecraft.crafting_table":1,"stat.pickup.minecraft.stone_sword":2,"stat.mobKills":16,"stat.mineBlock.minecraft.log":71,"stat.craftItem.minecraft.wooden_door":3,"stat.craftItem.minecraft.cooked_chicken":8,"stat.mineBlock.minecraft.oak_stairs":6,"stat.useItem.minecraft.wooden_door":1,"stat.mineBlock.minecraft.planks":66,"stat.deaths":2,"stat.drop":3,"stat.mineBlock.minecraft.leaves":27,"stat.pickup.minecraft.egg":14,"stat.killEntity.skeletonvangard":1,"stat.playOneMinute":61227,"stat.pickup.minecraft.torch":9,"stat.sneakTime":714,"stat.craftItem.minecraft.iron_pickaxe":1,"stat.killEntity.Zombie":2,"stat.pickup.artifacts.bottled_cloud":4,"stat.pickup.minecraft.yellow_flower":22,"stat.mineBlock.minecraft.stone":95,"stat.mineBlock.minecraft.tallgrass":1,"stat.diveOneCm":3922}