{"stat.useItem.minecraft.bow":46,"stat.leaveGame":5,"stat.craftItem.minecraft.iron_axe":1,"stat.pickup.gravestone.death_info":10,"stat.pickup.duneons.serpgold":1,"stat.useItem.minecraft.planks":227,"stat.craftItem.minecraft.shield":2,"stat.craftItem.duneons.diamondpickaxedungeon":2,"stat.pickup.minecraft.porkchop":35,"stat.killEntity.redstonecube":1,"stat.pickup.minecraft.glass":1,"stat.mineBlock.gravestone.gravestone":7,"stat.pickup.minecraft.rotten_flesh":62,"stat.pickup.minecraft.sand":8,"stat.craftItem.minecraft.golden_apple":2,"stat.pickup.minecraft.splash_potion":1,"stat.drop.mowziesmobs.wrought_axe":2,"stat.craftItem.minecraft.stone_axe":1,"stat.pickup.minecraft.name_tag":27,"stat.pickup.minecraft.bucket":10,"stat.killEntity.Enderman":1,"stat.drop.minecraft.splash_potion":1,"stat.craftItem.minecraft.stone_sword":1,"stat.craftItem.minecraft.iron_shovel":1,"stat.pickup.minecraft.chainmail_chestplate":3,"stat.pickup.minecraft.brown_mushroom":4,"stat.mineBlock.minecraft.sand":8,"stat.useItem.minecraft.iron_pickaxe":257,"stat.craftItem.minecraft.wooden_pickaxe":1,"stat.useItem.minecraft.iron_shovel":36,"stat.pickup.minecraft.armor_stand":2,"stat.craftItem.minecraft.bed":2,"stat.drop.gravestone.death_info":1,"stat.mineBlock.duneons.arenaeyeblock":1,"stat.useItem.minecraft.oak_stairs":12,"stat.furnaceInteraction":114,"stat.pickup.minecraft.beef":43,"stat.pickup.minecraft.furnace":11,"stat.useItem.minecraft.cooked_mutton":33,"stat.pickup.minecraft.totem_of_undying":1,"stat.useItem.minecraft.trapdoor":5,"stat.pickup.mowziesmobs.wrought_axe":11,"stat.pickup.minecraft.iron_chestplate":5,"stat.killEntity.hostile":1,"stat.pickup.minecraft.potion":3,"stat.mineBlock.duneons.trone":1,"stat.pickup.minecraft.emerald":10,"stat.pickup.duneons.macefix":2,"stat.useItem.minecraft.beef":2,"stat.mineBlock.minecraft.oak_stairs":6,"stat.deaths":11,"stat.pickup.minecraft.egg":49,"stat.killEntity.skeletonvangard":1,"stat.playOneMinute":334661,"stat.craftItem.minecraft.iron_pickaxe":1,"stat.pickup.minecraft.diamond_block":5,"stat.pickup.duneons.darkwolfarmorhelmet":2,"stat.pickup.minecraft.iron_bars":6,"stat.mineBlock.duneons.mudwithstones":7,"stat.mineBlock.minecraft.tallgrass":22,"stat.craftItem.minecraft.cooked_mutton":33,"stat.pickup.minecraft.netherrack":1,"stat.pickup.duneons.trone":1,"stat.pickup.duneons.armorclass5helmet":1,"stat.pickup.minecraft.cooked_mutton":25,"stat.mineBlock.duneons.stonebricksand":1,"stat.chestOpened":51,"stat.pickup.duneons.mudwithstones":35,"stat.pickup.minecraft.spruce_door":1,"stat.pickup.minecraft.iron_sword":3,"stat.pickup.minecraft.arrow":132,"stat.mineBlock.duneons.candle":5,"stat.pickup.duneons.ieerrifyingskeletonarmorhelmet":3,"stat.craftItem.minecraft.coal":11,"stat.mineBlock.minecraft.gold_block":42,"stat.killEntity.vindicator_variant2":2,"stat.pickup.minecraft.cooked_chicken":2,"stat.useItem.minecraft.experience_bottle":6,"stat.fallOneCm":177245,"stat.crouchOneCm":4263,"stat.craftItem.minecraft.diamond":9,"stat.craftItem.minecraft.iron_ingot":53,"stat.craftItem.minecraft.chest":5,"stat.mineBlock.duneons.bookshelfdun":4,"stat.craftingTableInteraction":59,"stat.pickup.duneons.armorclass5body":9,"stat.pickup.minecraft.wooden_pickaxe":4,"stat.mineBlock.minecraft.log2":42,"stat.pickup.minecraft.feather":114,"stat.pickup.minecraft.record_cat":5,"stat.mineBlock.duneons.chain":2,"stat.useItem.duneons.cutlass":94,"stat.useItem.minecraft.furnace":7,"stat.useItem.minecraft.reeds":7,"stat.pickup.duneons.chain":1,"stat.killEntity.vindicator_variant1":6,"stat.pickup.minecraft.dye":6,"stat.pickup.minecraft.planks":302,"stat.pickup.minecraft.iron_leggings":5,"stat.pickup.minecraft.wheat_seeds":277,"stat.mineBlock.minecraft.gravel":3,"stat.useItem.minecraft.stone_pickaxe":86,"stat.useItem.minecraft.stone_sword":19,"stat.craftItem.minecraft.iron_leggings":1,"stat.mineBlock.duneons.creeperdoor":2,"stat.useItem.minecraft.wool":1,"stat.craftItem.minecraft.oak_stairs":8,"stat.useItem.mowziesmobs.wrought_axe":195,"stat.mineBlock.minecraft.dirt":116,"stat.killEntity.VindicationIllager":14,"stat.useItem.minecraft.torch":111,"stat.useItem.minecraft.bread":9,"stat.drop.minecraft.rotten_flesh":2,"stat.pickup.minecraft.crafting_table":3,"stat.useItem.minecraft.log":18,"stat.useItem.minecraft.cobblestone":112,"stat.craftItem.minecraft.crafting_table":7,"stat.mineBlock.minecraft.double_plant":1,"stat.useItem.duneons.crumsoncoresword":93,"stat.pickup.minecraft.log":946,"stat.pickup.minecraft.iron_pickaxe":4,"stat.craftItem.minecraft.gold_ingot":27,"stat.pickup.minecraft.chicken":65,"stat.pickup.minecraft.tipped_arrow":132,"stat.useItem.twilightforest.glass_sword":1,"stat.pickup.minecraft.sapling":116,"stat.pickup.minecraft.wooden_door":8,"stat.pickup.minecraft.apple":8,"stat.craftItem.minecraft.bucket":2,"stat.craftItem.minecraft.planks":252,"stat.useItem.minecraft.iron_sword":83,"stat.killEntity.t_geomancer_pillar_bomb":2,"stat.pickup.duneons.lightsword":2,"stat.pickup.minecraft.stone_sword":3,"stat.pickup.minecraft.book":105,"stat.mineBlock.minecraft.log":215,"stat.craftItem.minecraft.wooden_door":3,"stat.craftItem.minecraft.cooked_chicken":14,"stat.useItem.minecraft.wooden_door":1,"stat.pickup.minecraft.iron_door":1,"stat.pickup.minecraft.red_flower":3,"stat.sneakTime":1957,"stat.useItem.duneons.claymoreblue":105,"stat.pickup.minecraft.wool":115,"stat.pickup.minecraft.yellow_flower":33,"stat.pickup.minecraft.chest":2,"stat.pickup.minecraft.lingering_potion":7,"stat.pickup.minecraft.bone":47,"stat.pickup.duneons.cutlass":2,"stat.useItem.minecraft.iron_axe":36,"stat.pickup.duneons.minerarmorhelmet":10,"stat.mineBlock.minecraft.cobblestone":33,"stat.pickup.minecraft.stone_pickaxe":4,"stat.mineBlock.minecraft.yellow_flower":10,"stat.pickup.duneons.beer":2,"stat.mineBlock.minecraft.stained_glass_pane":6,"stat.swimOneCm":62451,"stat.mineBlock.minecraft.diamond_block":1,"stat.pickup.minecraft.enchanted_book":3,"stat.climbOneCm":3236,"stat.pickup.minecraft.cooked_porkchop":45,"stat.useItem.minecraft.dirt":49,"stat.killEntity.warriorvillager":5,"stat.useItem.minecraft.cookie":6,"stat.useItem.minecraft.stone_slab2":56,"stat.pickup.minecraft.bow":8,"stat.pickup.minecraft.iron_boots":5,"stat.pickup.duneons.wolfarmorbody":1,"stat.craftItem.minecraft.furnace":8,"stat.killEntity.artifacts.mimic":2,"stat.craftItem.minecraft.iron_boots":1,"stat.craftItem.minecraft.trapdoor":4,"stat.pickup.animalium.rat_meat":3,"stat.craftItem.minecraft.stone_pickaxe":1,"stat.craftItem.minecraft.cooked_beef":29,"stat.pickup.minecraft.cobblestone":372,"stat.pickup.minecraft.gold_block":117,"stat.useItem.minecraft.stone_shovel":43,"stat.flyOneCm":926350,"stat.pickup.minecraft.glass_bottle":1,"stat.mineBlock.duneons.enchantedcarpet":2,"stat.useItem.minecraft.cooked_beef":19,"stat.pickup.minecraft.redstone":3,"stat.mineBlock.minecraft.iron_ore":42,"stat.timeSinceDeath":657,"stat.pickup.minecraft.mutton":53,"stat.killEntity.redstonemonster":1,"stat.useItem.minecraft.totem_of_undying":1,"stat.pickup.duneons.poleaxe":15,"stat.useItem.minecraft.potato":3,"stat.pickup.minecraft.chainmail_helmet":1,"stat.pickup.minecraft.stonebrick":11,"stat.drop.minecraft.dirt":1,"stat.useItem.minecraft.cooked_porkchop":54,"stat.pickup.minecraft.iron_shovel":5,"stat.pickup.minecraft.trapdoor":9,"stat.pickup.duneons.diamondpickaxedungeon":4,"stat.mineBlock.minecraft.coal_ore":35,"stat.pickup.minecraft.shield":6,"stat.talkedToVillager":20,"stat.pickup.minecraft.string":45,"stat.killEntity.executione":13,"stat.pickup.duneons.claymoreblue":8,"stat.useItem.minecraft.milk_bucket":2,"stat.entityKilledBy.Skeleton":2,"stat.craftItem.minecraft.stone_slab2":0,"stat.useItem.duneons.macefix":1,"stat.killEntity.rat":2,"stat.craftItem.duneons.claymoreblue":1,"stat.sprintOneCm":628689,"stat.craftItem.minecraft.stick":24,"stat.pickup.duneons.wax":90,"stat.mineBlock.minecraft.crafting_table":2,"stat.pickup.duneons.giter":1,"stat.mineBlock.duneons.chainfly":1,"stat.mineBlock.duneons.bushsmall":1,"stat.mineBlock.minecraft.planks":70,"stat.drop":12,"stat.killEntity.Sheep":28,"stat.craftItem.minecraft.diamond_pickaxe":1,"stat.killEntity.Zombie":23,"stat.pickup.artifacts.bottled_cloud":14,"stat.pickup.duneons.wolfarmorhelmet":2,"stat.diveOneCm":58396,"stat.mineBlock.duneons.standfortorch":1,"stat.pickup.minecraft.wheat":28,"stat.mineBlock.duneons.bigcandle":1,"stat.pickup.minecraft.gravel":2,"stat.craftItem.minecraft.cooked_porkchop":32,"stat.pickup.minecraft.stone_axe":3,"stat.useItem.minecraft.apple":11,"stat.useItem.minecraft.porkchop":8,"stat.useItem.minecraft.potion":1,"stat.useItem.minecraft.rotten_flesh":3,"stat.killEntity.pigchest":2,"stat.drop.minecraft.cooked_porkchop":2,"stat.pickup.duneons.enchantedcarpet":2,"stat.jump":6595,"stat.pickup.minecraft.iron_helmet":3,"stat.pickup.minecraft.coal":91,"stat.pickup.minecraft.iron_ingot":90,"stat.useItem.minecraft.stone_axe":83,"stat.mineBlock.duneons.carrotshelf":1,"stat.pickup.minecraft.gunpowder":180,"stat.craftItem.minecraft.bread":4,"stat.mineBlock.duneons.arenaeyeblockactive":1,"stat.pickup.minecraft.spider_eye":1,"stat.craftItem.minecraft.torch":72,"stat.pickup.duneons.creeperdoor":8,"stat.pickup.minecraft.dirt":212,"stat.craftItem.minecraft.iron_helmet":1,"stat.pickup.minecraft.knowledge_book":2,"stat.useItem.minecraft.cooked_chicken":16,"stat.drop.minecraft.glass":1,"stat.pickup.artifacts.cobalt_shield":8,"stat.pickup.minecraft.iron_ore":87,"stat.useItem.minecraft.glass":6,"stat.pickup.minecraft.stone_shovel":3,"stat.mineBlock.minecraft.iron_bars":2,"stat.pickup.minecraft.iron_axe":7,"stat.pickup.minecraft.cookie":6,"stat.mineBlock.minecraft.glass_pane":5,"stat.damageTaken":9207,"stat.pickup.minecraft.leather":69,"stat.mineBlock.minecraft.torch":28,"stat.mineBlock.minecraft.furnace":8,"stat.mineBlock.minecraft.red_flower":1,"stat.useItem.minecraft.wooden_pickaxe":11,"stat.pickup.minecraft.log2":225,"stat.pickup.minecraft.reeds":100,"stat.pickup.minecraft.bed":15,"stat.pickup.artifacts.thorn_pendant":9,"stat.pickup.minecraft.potato":5,"stat.pickup.minecraft.oak_stairs":6,"stat.damageDealt":35382,"stat.craftItem.minecraft.glass":8,"stat.sleepInBed":4,"stat.killEntity.Silverfish":2,"stat.killEntity.Cow":15,"stat.killEntity.Pig":19,"stat.craftItem.minecraft.iron_sword":1,"stat.mineBlock.duneons.grass3":1,"stat.craftItem.minecraft.stone_shovel":1,"stat.walkOneCm":1004148,"stat.useItem.minecraft.chest":2,"stat.playerKills":2,"stat.pickup.minecraft.stick":22,"stat.mineBlock.duneons.woodbacketwater":1,"stat.craftItem.duneons.wick":1,"stat.pickup.minecraft.tnt":3,"stat.useItem.duneons.diamondpickaxedungeon":118,"stat.drop.minecraft.iron_chestplate":1,"stat.pickup.minecraft.stone":16,"stat.craftItem.minecraft.iron_chestplate":1,"stat.mineBlock.minecraft.wool":1,"stat.pickup.minecraft.ender_pearl":8,"stat.pickup.minecraft.cooked_beef":43,"stat.pickup.minecraft.gold_ingot":132,"stat.killEntity.Skeleton":8,"stat.killEntity.wild_dog":3,"stat.mineBlock.minecraft.stonebrick":33,"stat.killEntity.Chicken":27,"stat.drop.minecraft.crafting_table":1,"stat.killEntity.Spider":2,"stat.pickup.minecraft.bread":2,"stat.mobKills":190,"stat.pickup.minecraft.diamond_boots":5,"stat.mineBlock.minecraft.bookshelf":8,"stat.useItem.minecraft.golden_apple":2,"stat.pickup.minecraft.diamond":8,"stat.mineBlock.minecraft.leaves":48,"stat.pickup.minecraft.iron_horse_armor":3,"stat.pickup.duneons.commandorarmorlegs":8,"stat.pickup.minecraft.torch":179,"stat.pickup.duneons.corruptedbeacona":4,"stat.mineBlock.minecraft.stone":191,"stat.pickup.duneons.ieerrifyingskeletonarmorbody":1}