{"stat.leaveGame":1,"stat.mineBlock.minecraft.cobblestone":9,"stat.mineBlock.minecraft.yellow_flower":8,"stat.useItem.minecraft.apple":1,"stat.craftItem.minecraft.coal":7,"stat.jump":670,"stat.swimOneCm":8267,"stat.fallOneCm":16121,"stat.useItem.minecraft.planks":60,"stat.craftItem.minecraft.shield":1,"stat.useItem.minecraft.stone_axe":69,"stat.crouchOneCm":416,"stat.pickup.minecraft.glass":1,"stat.craftItem.minecraft.torch":4,"stat.craftItem.minecraft.iron_ingot":4,"stat.pickup.minecraft.dirt":50,"stat.useItem.minecraft.dirt":33,"stat.useItem.minecraft.stone_slab2":12,"stat.useItem.minecraft.cooked_chicken":7,"stat.drop.minecraft.glass":1,"stat.craftingTableInteraction":15,"stat.pickup.minecraft.iron_ore":26,"stat.pickup.minecraft.sand":8,"stat.useItem.minecraft.glass":6,"stat.craftItem.minecraft.furnace":1,"stat.craftItem.minecraft.stone_axe":1,"stat.damageTaken":680,"stat.pickup.minecraft.feather":9,"stat.craftItem.minecraft.stone_pickaxe":1,"stat.mineBlock.minecraft.torch":4,"stat.useItem.minecraft.wooden_pickaxe":11,"stat.pickup.minecraft.cobblestone":78,"stat.pickup.minecraft.planks":92,"stat.useItem.minecraft.stone_shovel":43,"stat.pickup.minecraft.reeds":9,"stat.craftItem.minecraft.stone_sword":1,"stat.flyOneCm":26332,"stat.mineBlock.minecraft.sand":8,"stat.pickup.minecraft.oak_stairs":6,"stat.useItem.minecraft.stone_pickaxe":85,"stat.useItem.minecraft.stone_sword":19,"stat.damageDealt":702,"stat.craftItem.minecraft.glass":8,"stat.mineBlock.minecraft.iron_ore":27,"stat.timeSinceDeath":36927,"stat.craftItem.minecraft.oak_stairs":8,"stat.mineBlock.minecraft.dirt":48,"stat.craftItem.minecraft.wooden_pickaxe":1,"stat.craftItem.minecraft.stone_shovel":1,"stat.walkOneCm":157493,"stat.useItem.minecraft.torch":5,"stat.pickup.minecraft.crafting_table":1,"stat.useItem.minecraft.log":8,"stat.useItem.minecraft.oak_stairs":12,"stat.useItem.minecraft.cobblestone":31,"stat.craftItem.minecraft.crafting_table":1,"stat.furnaceInteraction":20,"stat.pickup.minecraft.log":65,"stat.craftItem.minecraft.stone_slab2":0,"stat.pickup.minecraft.chicken":7,"stat.pickup.minecraft.sapling":16,"stat.sprintOneCm":44587,"stat.pickup.minecraft.apple":1,"stat.craftItem.minecraft.stick":12,"stat.killEntity.Skeleton":1,"stat.craftItem.minecraft.planks":48,"stat.killEntity.Chicken":7,"stat.mineBlock.minecraft.crafting_table":1,"stat.mobKills":9,"stat.mineBlock.minecraft.log":66,"stat.craftItem.minecraft.cooked_chicken":7,"stat.mineBlock.minecraft.oak_stairs":6,"stat.mineBlock.minecraft.planks":29,"stat.drop":1,"stat.mineBlock.minecraft.leaves":21,"stat.pickup.minecraft.egg":4,"stat.playOneMinute":36927,"stat.pickup.minecraft.torch":4,"stat.sneakTime":208,"stat.pickup.minecraft.yellow_flower":7,"stat.mineBlock.minecraft.stone":57,"stat.mineBlock.minecraft.tallgrass":1,"stat.diveOneCm":331}