{"stat.leaveGame":2,"stat.craftItem.minecraft.iron_axe":1,"stat.pickup.gravestone.death_info":3,"stat.useItem.minecraft.planks":208,"stat.craftItem.minecraft.shield":1,"stat.pickup.minecraft.porkchop":9,"stat.killEntity.redstonecube":1,"stat.pickup.minecraft.glass":1,"stat.mineBlock.gravestone.gravestone":3,"stat.pickup.minecraft.rotten_flesh":6,"stat.pickup.minecraft.sand":8,"stat.craftItem.minecraft.stone_axe":1,"stat.pickup.minecraft.bucket":3,"stat.craftItem.minecraft.stone_sword":1,"stat.pickup.minecraft.chainmail_chestplate":3,"stat.pickup.minecraft.brown_mushroom":4,"stat.mineBlock.minecraft.sand":8,"stat.useItem.minecraft.iron_pickaxe":217,"stat.craftItem.minecraft.wooden_pickaxe":1,"stat.pickup.minecraft.armor_stand":2,"stat.mineBlock.duneons.arenaeyeblock":1,"stat.useItem.minecraft.oak_stairs":12,"stat.furnaceInteraction":44,"stat.pickup.minecraft.beef":12,"stat.pickup.minecraft.furnace":2,"stat.useItem.minecraft.cooked_mutton":5,"stat.useItem.minecraft.trapdoor":5,"stat.pickup.minecraft.iron_chestplate":4,"stat.pickup.minecraft.emerald":10,"stat.mineBlock.minecraft.oak_stairs":6,"stat.deaths":3,"stat.pickup.minecraft.egg":27,"stat.killEntity.skeletonvangard":1,"stat.playOneMinute":125839,"stat.craftItem.minecraft.iron_pickaxe":1,"stat.pickup.minecraft.diamond_block":1,"stat.pickup.minecraft.iron_bars":6,"stat.mineBlock.minecraft.tallgrass":10,"stat.craftItem.minecraft.cooked_mutton":8,"stat.pickup.duneons.armorclass5helmet":1,"stat.pickup.minecraft.cooked_mutton":8,"stat.chestOpened":8,"stat.pickup.minecraft.spruce_door":1,"stat.pickup.minecraft.iron_sword":3,"stat.pickup.duneons.ieerrifyingskeletonarmorhelmet":1,"stat.craftItem.minecraft.coal":7,"stat.mineBlock.minecraft.gold_block":42,"stat.pickup.minecraft.cooked_chicken":2,"stat.fallOneCm":67754,"stat.crouchOneCm":2969,"stat.craftItem.minecraft.iron_ingot":47,"stat.craftItem.minecraft.chest":1,"stat.craftingTableInteraction":34,"stat.pickup.duneons.armorclass5body":1,"stat.pickup.minecraft.wooden_pickaxe":4,"stat.pickup.minecraft.feather":45,"stat.pickup.minecraft.record_cat":2,"stat.mineBlock.duneons.chain":1,"stat.useItem.minecraft.furnace":1,"stat.pickup.duneons.chain":1,"stat.killEntity.vindicator_variant1":5,"stat.pickup.minecraft.planks":240,"stat.pickup.minecraft.iron_leggings":3,"stat.pickup.minecraft.wheat_seeds":5,"stat.useItem.minecraft.stone_pickaxe":86,"stat.useItem.minecraft.stone_sword":19,"stat.craftItem.minecraft.iron_leggings":1,"stat.craftItem.minecraft.oak_stairs":8,"stat.mineBlock.minecraft.dirt":86,"stat.killEntity.VindicationIllager":12,"stat.useItem.minecraft.torch":35,"stat.drop.minecraft.rotten_flesh":2,"stat.pickup.minecraft.crafting_table":2,"stat.useItem.minecraft.log":8,"stat.useItem.minecraft.cobblestone":103,"stat.craftItem.minecraft.crafting_table":4,"stat.useItem.duneons.crumsoncoresword":88,"stat.pickup.minecraft.log":127,"stat.pickup.minecraft.iron_pickaxe":3,"stat.craftItem.minecraft.gold_ingot":27,"stat.pickup.minecraft.chicken":17,"stat.pickup.minecraft.sapling":73,"stat.pickup.minecraft.wooden_door":6,"stat.pickup.minecraft.apple":2,"stat.craftItem.minecraft.bucket":1,"stat.craftItem.minecraft.planks":216,"stat.useItem.minecraft.iron_sword":83,"stat.pickup.minecraft.stone_sword":3,"stat.mineBlock.minecraft.log":71,"stat.craftItem.minecraft.wooden_door":3,"stat.craftItem.minecraft.cooked_chicken":12,"stat.useItem.minecraft.wooden_door":1,"stat.pickup.minecraft.iron_door":1,"stat.pickup.minecraft.red_flower":3,"stat.sneakTime":882,"stat.pickup.minecraft.wool":18,"stat.pickup.minecraft.yellow_flower":33,"stat.pickup.minecraft.chest":2,"stat.pickup.minecraft.bone":16,"stat.useItem.minecraft.iron_axe":36,"stat.mineBlock.minecraft.cobblestone":30,"stat.pickup.minecraft.stone_pickaxe":4,"stat.mineBlock.minecraft.yellow_flower":10,"stat.mineBlock.minecraft.stained_glass_pane":4,"stat.swimOneCm":14815,"stat.mineBlock.minecraft.diamond_block":1,"stat.useItem.minecraft.dirt":45,"stat.useItem.minecraft.stone_slab2":23,"stat.pickup.minecraft.iron_boots":3,"stat.pickup.duneons.wolfarmorbody":1,"stat.craftItem.minecraft.furnace":4,"stat.craftItem.minecraft.iron_boots":1,"stat.craftItem.minecraft.trapdoor":4,"stat.craftItem.minecraft.stone_pickaxe":1,"stat.pickup.minecraft.cobblestone":213,"stat.pickup.minecraft.gold_block":41,"stat.useItem.minecraft.stone_shovel":43,"stat.flyOneCm":263046,"stat.pickup.minecraft.redstone":3,"stat.mineBlock.minecraft.iron_ore":42,"stat.timeSinceDeath":58959,"stat.pickup.minecraft.mutton":28,"stat.pickup.duneons.poleaxe":15,"stat.pickup.minecraft.chainmail_helmet":1,"stat.pickup.minecraft.stonebrick":7,"stat.useItem.minecraft.cooked_porkchop":4,"stat.pickup.minecraft.trapdoor":9,"stat.mineBlock.minecraft.coal_ore":4,"stat.pickup.minecraft.shield":3,"stat.killEntity.executione":11,"stat.entityKilledBy.Skeleton":1,"stat.craftItem.minecraft.stone_slab2":0,"stat.sprintOneCm":221465,"stat.craftItem.minecraft.stick":20,"stat.mineBlock.minecraft.crafting_table":1,"stat.mineBlock.minecraft.planks":67,"stat.drop":7,"stat.killEntity.Sheep":18,"stat.killEntity.Zombie":2,"stat.pickup.artifacts.bottled_cloud":5,"stat.diveOneCm":7431,"stat.craftItem.minecraft.cooked_porkchop":6,"stat.pickup.minecraft.stone_axe":3,"stat.useItem.minecraft.apple":2,"stat.useItem.minecraft.porkchop":5,"stat.killEntity.pigchest":1,"stat.drop.minecraft.cooked_porkchop":2,"stat.jump":2484,"stat.pickup.minecraft.iron_helmet":3,"stat.pickup.minecraft.coal":59,"stat.pickup.minecraft.iron_ingot":33,"stat.useItem.minecraft.stone_axe":83,"stat.mineBlock.duneons.carrotshelf":1,"stat.mineBlock.duneons.arenaeyeblockactive":1,"stat.craftItem.minecraft.torch":24,"stat.pickup.minecraft.dirt":202,"stat.craftItem.minecraft.iron_helmet":1,"stat.useItem.minecraft.cooked_chicken":14,"stat.drop.minecraft.glass":1,"stat.pickup.minecraft.iron_ore":86,"stat.useItem.minecraft.glass":6,"stat.pickup.minecraft.stone_shovel":3,"stat.mineBlock.minecraft.iron_bars":2,"stat.pickup.minecraft.iron_axe":4,"stat.damageTaken":2576,"stat.pickup.minecraft.leather":7,"stat.mineBlock.minecraft.torch":21,"stat.mineBlock.minecraft.furnace":2,"stat.mineBlock.minecraft.red_flower":1,"stat.useItem.minecraft.wooden_pickaxe":11,"stat.pickup.minecraft.reeds":36,"stat.pickup.minecraft.bed":5,"stat.pickup.minecraft.oak_stairs":6,"stat.damageDealt":12640,"stat.craftItem.minecraft.glass":8,"stat.sleepInBed":1,"stat.killEntity.Silverfish":1,"stat.killEntity.Cow":4,"stat.killEntity.Pig":4,"stat.craftItem.minecraft.iron_sword":1,"stat.craftItem.minecraft.stone_shovel":1,"stat.walkOneCm":442043,"stat.pickup.minecraft.stick":10,"stat.drop.minecraft.iron_chestplate":1,"stat.pickup.minecraft.stone":13,"stat.craftItem.minecraft.iron_chestplate":1,"stat.killEntity.Skeleton":1,"stat.killEntity.wild_dog":1,"stat.mineBlock.minecraft.stonebrick":13,"stat.killEntity.Chicken":12,"stat.drop.minecraft.crafting_table":1,"stat.mobKills":77,"stat.mineBlock.minecraft.leaves":30,"stat.pickup.minecraft.torch":49,"stat.mineBlock.minecraft.stone":129,"stat.pickup.duneons.ieerrifyingskeletonarmorbody":1}