{"stat.useItem.minecraft.bow":46,"stat.leaveGame":5,"stat.craftItem.minecraft.iron_axe":1,"stat.pickup.gravestone.death_info":9,"stat.pickup.duneons.serpgold":1,"stat.useItem.minecraft.planks":227,"stat.craftItem.minecraft.shield":2,"stat.craftItem.duneons.diamondpickaxedungeon":1,"stat.pickup.minecraft.porkchop":35,"stat.killEntity.redstonecube":1,"stat.pickup.minecraft.glass":1,"stat.mineBlock.gravestone.gravestone":6,"stat.pickup.minecraft.rotten_flesh":61,"stat.pickup.minecraft.sand":8,"stat.craftItem.minecraft.golden_apple":2,"stat.pickup.minecraft.splash_potion":1,"stat.drop.mowziesmobs.wrought_axe":2,"stat.craftItem.minecraft.stone_axe":1,"stat.pickup.minecraft.name_tag":9,"stat.pickup.minecraft.bucket":3,"stat.killEntity.Enderman":1,"stat.drop.minecraft.splash_potion":1,"stat.craftItem.minecraft.stone_sword":1,"stat.craftItem.minecraft.iron_shovel":1,"stat.pickup.minecraft.chainmail_chestplate":3,"stat.pickup.minecraft.brown_mushroom":4,"stat.mineBlock.minecraft.sand":8,"stat.useItem.minecraft.iron_pickaxe":257,"stat.craftItem.minecraft.wooden_pickaxe":1,"stat.useItem.minecraft.iron_shovel":9,"stat.pickup.minecraft.armor_stand":2,"stat.craftItem.minecraft.bed":2,"stat.drop.gravestone.death_info":1,"stat.mineBlock.duneons.arenaeyeblock":1,"stat.useItem.minecraft.oak_stairs":12,"stat.furnaceInteraction":101,"stat.pickup.minecraft.beef":32,"stat.pickup.minecraft.furnace":8,"stat.useItem.minecraft.cooked_mutton":33,"stat.pickup.minecraft.totem_of_undying":1,"stat.useItem.minecraft.trapdoor":5,"stat.pickup.mowziesmobs.wrought_axe":7,"stat.pickup.minecraft.iron_chestplate":5,"stat.killEntity.hostile":1,"stat.pickup.minecraft.potion":3,"stat.mineBlock.duneons.trone":1,"stat.pickup.minecraft.emerald":10,"stat.pickup.duneons.macefix":2,"stat.useItem.minecraft.beef":2,"stat.mineBlock.minecraft.oak_stairs":6,"stat.deaths":7,"stat.pickup.minecraft.egg":49,"stat.killEntity.skeletonvangard":1,"stat.playOneMinute":300601,"stat.craftItem.minecraft.iron_pickaxe":1,"stat.pickup.minecraft.diamond_block":5,"stat.pickup.duneons.darkwolfarmorhelmet":2,"stat.pickup.minecraft.iron_bars":6,"stat.mineBlock.duneons.mudwithstones":7,"stat.mineBlock.minecraft.tallgrass":14,"stat.craftItem.minecraft.cooked_mutton":33,"stat.pickup.minecraft.netherrack":1,"stat.pickup.duneons.trone":1,"stat.pickup.duneons.armorclass5helmet":1,"stat.pickup.minecraft.cooked_mutton":21,"stat.chestOpened":48,"stat.pickup.duneons.mudwithstones":7,"stat.pickup.minecraft.spruce_door":1,"stat.pickup.minecraft.iron_sword":3,"stat.pickup.minecraft.arrow":131,"stat.mineBlock.duneons.candle":5,"stat.pickup.duneons.ieerrifyingskeletonarmorhelmet":3,"stat.craftItem.minecraft.coal":11,"stat.mineBlock.minecraft.gold_block":42,"stat.killEntity.vindicator_variant2":2,"stat.pickup.minecraft.cooked_chicken":2,"stat.useItem.minecraft.experience_bottle":6,"stat.fallOneCm":154801,"stat.crouchOneCm":4263,"stat.craftItem.minecraft.diamond":9,"stat.craftItem.minecraft.iron_ingot":53,"stat.craftItem.minecraft.chest":5,"stat.mineBlock.duneons.bookshelfdun":4,"stat.craftingTableInteraction":59,"stat.pickup.duneons.armorclass5body":5,"stat.pickup.minecraft.wooden_pickaxe":4,"stat.pickup.minecraft.feather":75,"stat.pickup.minecraft.record_cat":5,"stat.mineBlock.duneons.chain":1,"stat.useItem.duneons.cutlass":94,"stat.useItem.minecraft.furnace":6,"stat.useItem.minecraft.reeds":7,"stat.pickup.duneons.chain":1,"stat.killEntity.vindicator_variant1":5,"stat.pickup.minecraft.planks":302,"stat.pickup.minecraft.iron_leggings":5,"stat.pickup.minecraft.wheat_seeds":77,"stat.mineBlock.minecraft.gravel":3,"stat.useItem.minecraft.stone_pickaxe":86,"stat.useItem.minecraft.stone_sword":19,"stat.craftItem.minecraft.iron_leggings":1,"stat.mineBlock.duneons.creeperdoor":2,"stat.useItem.minecraft.wool":1,"stat.craftItem.minecraft.oak_stairs":8,"stat.useItem.mowziesmobs.wrought_axe":161,"stat.mineBlock.minecraft.dirt":98,"stat.killEntity.VindicationIllager":12,"stat.useItem.minecraft.torch":111,"stat.useItem.minecraft.bread":9,"stat.drop.minecraft.rotten_flesh":2,"stat.pickup.minecraft.crafting_table":3,"stat.useItem.minecraft.log":8,"stat.useItem.minecraft.cobblestone":112,"stat.craftItem.minecraft.crafting_table":7,"stat.mineBlock.minecraft.double_plant":1,"stat.useItem.duneons.crumsoncoresword":93,"stat.pickup.minecraft.log":273,"stat.pickup.minecraft.iron_pickaxe":4,"stat.craftItem.minecraft.gold_ingot":27,"stat.pickup.minecraft.chicken":43,"stat.pickup.minecraft.tipped_arrow":132,"stat.pickup.minecraft.sapling":116,"stat.pickup.minecraft.wooden_door":8,"stat.pickup.minecraft.apple":8,"stat.craftItem.minecraft.bucket":2,"stat.craftItem.minecraft.planks":252,"stat.useItem.minecraft.iron_sword":83,"stat.killEntity.t_geomancer_pillar_bomb":2,"stat.pickup.duneons.lightsword":2,"stat.pickup.minecraft.stone_sword":3,"stat.mineBlock.minecraft.log":215,"stat.craftItem.minecraft.wooden_door":3,"stat.craftItem.minecraft.cooked_chicken":14,"stat.useItem.minecraft.wooden_door":1,"stat.pickup.minecraft.iron_door":1,"stat.pickup.minecraft.red_flower":3,"stat.sneakTime":1955,"stat.useItem.duneons.claymoreblue":89,"stat.pickup.minecraft.wool":61,"stat.pickup.minecraft.yellow_flower":33,"stat.pickup.minecraft.chest":2,"stat.pickup.minecraft.lingering_potion":3,"stat.pickup.minecraft.bone":39,"stat.pickup.duneons.cutlass":2,"stat.useItem.minecraft.iron_axe":36,"stat.pickup.duneons.minerarmorhelmet":5,"stat.mineBlock.minecraft.cobblestone":33,"stat.pickup.minecraft.stone_pickaxe":4,"stat.mineBlock.minecraft.yellow_flower":10,"stat.pickup.duneons.beer":2,"stat.mineBlock.minecraft.stained_glass_pane":4,"stat.swimOneCm":58232,"stat.mineBlock.minecraft.diamond_block":1,"stat.pickup.minecraft.enchanted_book":3,"stat.climbOneCm":2164,"stat.pickup.minecraft.cooked_porkchop":5,"stat.useItem.minecraft.dirt":49,"stat.killEntity.warriorvillager":5,"stat.useItem.minecraft.cookie":6,"stat.useItem.minecraft.stone_slab2":55,"stat.pickup.minecraft.bow":4,"stat.pickup.minecraft.iron_boots":5,"stat.pickup.duneons.wolfarmorbody":1,"stat.craftItem.minecraft.furnace":8,"stat.killEntity.artifacts.mimic":2,"stat.craftItem.minecraft.iron_boots":1,"stat.craftItem.minecraft.trapdoor":4,"stat.pickup.animalium.rat_meat":3,"stat.craftItem.minecraft.stone_pickaxe":1,"stat.craftItem.minecraft.cooked_beef":11,"stat.pickup.minecraft.cobblestone":282,"stat.pickup.minecraft.gold_block":117,"stat.useItem.minecraft.stone_shovel":43,"stat.flyOneCm":792660,"stat.pickup.minecraft.glass_bottle":1,"stat.mineBlock.duneons.enchantedcarpet":2,"stat.useItem.minecraft.cooked_beef":11,"stat.pickup.minecraft.redstone":3,"stat.mineBlock.minecraft.iron_ore":42,"stat.timeSinceDeath":72220,"stat.pickup.minecraft.mutton":53,"stat.killEntity.redstonemonster":1,"stat.useItem.minecraft.totem_of_undying":1,"stat.pickup.duneons.poleaxe":15,"stat.useItem.minecraft.potato":3,"stat.pickup.minecraft.chainmail_helmet":1,"stat.pickup.minecraft.stonebrick":11,"stat.useItem.minecraft.cooked_porkchop":18,"stat.pickup.minecraft.trapdoor":9,"stat.mineBlock.minecraft.coal_ore":35,"stat.pickup.minecraft.shield":6,"stat.talkedToVillager":19,"stat.pickup.minecraft.string":37,"stat.killEntity.executione":12,"stat.pickup.duneons.claymoreblue":5,"stat.useItem.minecraft.milk_bucket":1,"stat.entityKilledBy.Skeleton":2,"stat.craftItem.minecraft.stone_slab2":0,"stat.useItem.duneons.macefix":1,"stat.killEntity.rat":2,"stat.sprintOneCm":560813,"stat.craftItem.minecraft.stick":24,"stat.pickup.duneons.wax":50,"stat.mineBlock.minecraft.crafting_table":2,"stat.pickup.duneons.giter":1,"stat.mineBlock.duneons.bushsmall":1,"stat.mineBlock.minecraft.planks":70,"stat.drop":11,"stat.killEntity.Sheep":28,"stat.craftItem.minecraft.diamond_pickaxe":1,"stat.killEntity.Zombie":22,"stat.pickup.artifacts.bottled_cloud":9,"stat.pickup.duneons.wolfarmorhelmet":2,"stat.diveOneCm":54917,"stat.pickup.minecraft.wheat":20,"stat.mineBlock.duneons.bigcandle":1,"stat.pickup.minecraft.gravel":2,"stat.craftItem.minecraft.cooked_porkchop":32,"stat.pickup.minecraft.stone_axe":3,"stat.useItem.minecraft.apple":11,"stat.useItem.minecraft.porkchop":8,"stat.useItem.minecraft.potion":1,"stat.useItem.minecraft.rotten_flesh":2,"stat.killEntity.pigchest":2,"stat.drop.minecraft.cooked_porkchop":2,"stat.pickup.duneons.enchantedcarpet":2,"stat.jump":5854,"stat.pickup.minecraft.iron_helmet":3,"stat.pickup.minecraft.coal":91,"stat.pickup.minecraft.iron_ingot":48,"stat.useItem.minecraft.stone_axe":83,"stat.mineBlock.duneons.carrotshelf":1,"stat.pickup.minecraft.gunpowder":180,"stat.craftItem.minecraft.bread":4,"stat.mineBlock.duneons.arenaeyeblockactive":1,"stat.pickup.minecraft.spider_eye":1,"stat.craftItem.minecraft.torch":72,"stat.pickup.duneons.creeperdoor":8,"stat.pickup.minecraft.dirt":211,"stat.craftItem.minecraft.iron_helmet":1,"stat.pickup.minecraft.knowledge_book":2,"stat.useItem.minecraft.cooked_chicken":16,"stat.drop.minecraft.glass":1,"stat.pickup.artifacts.cobalt_shield":4,"stat.pickup.minecraft.iron_ore":87,"stat.useItem.minecraft.glass":6,"stat.pickup.minecraft.stone_shovel":3,"stat.mineBlock.minecraft.iron_bars":2,"stat.pickup.minecraft.iron_axe":7,"stat.pickup.minecraft.cookie":6,"stat.mineBlock.minecraft.glass_pane":5,"stat.damageTaken":7506,"stat.pickup.minecraft.leather":22,"stat.mineBlock.minecraft.torch":28,"stat.mineBlock.minecraft.furnace":8,"stat.mineBlock.minecraft.red_flower":1,"stat.useItem.minecraft.wooden_pickaxe":11,"stat.pickup.minecraft.reeds":49,"stat.pickup.minecraft.bed":11,"stat.pickup.artifacts.thorn_pendant":4,"stat.pickup.minecraft.potato":5,"stat.pickup.minecraft.oak_stairs":6,"stat.damageDealt":32587,"stat.craftItem.minecraft.glass":8,"stat.sleepInBed":4,"stat.killEntity.Silverfish":2,"stat.killEntity.Cow":9,"stat.killEntity.Pig":15,"stat.craftItem.minecraft.iron_sword":1,"stat.craftItem.minecraft.stone_shovel":1,"stat.walkOneCm":925091,"stat.useItem.minecraft.chest":2,"stat.playerKills":2,"stat.pickup.minecraft.stick":22,"stat.mineBlock.duneons.woodbacketwater":1,"stat.craftItem.duneons.wick":1,"stat.pickup.minecraft.tnt":3,"stat.useItem.duneons.diamondpickaxedungeon":93,"stat.drop.minecraft.iron_chestplate":1,"stat.pickup.minecraft.stone":16,"stat.craftItem.minecraft.iron_chestplate":1,"stat.mineBlock.minecraft.wool":1,"stat.pickup.minecraft.ender_pearl":4,"stat.pickup.minecraft.gold_ingot":90,"stat.killEntity.Skeleton":8,"stat.killEntity.wild_dog":3,"stat.mineBlock.minecraft.stonebrick":18,"stat.killEntity.Chicken":25,"stat.drop.minecraft.crafting_table":1,"stat.killEntity.Spider":2,"stat.pickup.minecraft.bread":2,"stat.mobKills":171,"stat.pickup.minecraft.diamond_boots":2,"stat.mineBlock.minecraft.bookshelf":1,"stat.useItem.minecraft.golden_apple":2,"stat.mineBlock.minecraft.leaves":42,"stat.pickup.minecraft.iron_horse_armor":3,"stat.pickup.duneons.commandorarmorlegs":4,"stat.pickup.minecraft.torch":179,"stat.pickup.duneons.corruptedbeacona":4,"stat.mineBlock.minecraft.stone":186,"stat.pickup.duneons.ieerrifyingskeletonarmorbody":1}