{"stat.craftItem.minecraft.stone_shovel":1,"stat.walkOneCm":63783,"stat.leaveGame":1,"stat.pickup.minecraft.crafting_table":1,"stat.useItem.minecraft.log":7,"stat.mineBlock.minecraft.cobblestone":6,"stat.useItem.minecraft.oak_stairs":8,"stat.useItem.minecraft.cobblestone":14,"stat.craftItem.minecraft.crafting_table":1,"stat.furnaceInteraction":3,"stat.mineBlock.minecraft.yellow_flower":8,"stat.pickup.minecraft.log":34,"stat.jump":227,"stat.fallOneCm":4398,"stat.useItem.minecraft.planks":27,"stat.useItem.minecraft.stone_axe":34,"stat.craftItem.minecraft.stone_slab2":0,"stat.pickup.minecraft.chicken":1,"stat.pickup.minecraft.sapling":10,"stat.pickup.minecraft.dirt":43,"stat.useItem.minecraft.dirt":23,"stat.sprintOneCm":18225,"stat.useItem.minecraft.stone_slab2":5,"stat.craftItem.minecraft.stick":12,"stat.useItem.minecraft.cooked_chicken":1,"stat.craftingTableInteraction":7,"stat.craftItem.minecraft.furnace":1,"stat.craftItem.minecraft.planks":48,"stat.killEntity.Chicken":1,"stat.craftItem.minecraft.stone_axe":1,"stat.damageTaken":50,"stat.mineBlock.minecraft.crafting_table":1,"stat.pickup.minecraft.feather":2,"stat.craftItem.minecraft.stone_pickaxe":1,"stat.useItem.minecraft.wooden_pickaxe":11,"stat.pickup.minecraft.cobblestone":52,"stat.mobKills":1,"stat.mineBlock.minecraft.log":35,"stat.pickup.minecraft.planks":20,"stat.craftItem.minecraft.cooked_chicken":1,"stat.useItem.minecraft.stone_shovel":43,"stat.mineBlock.minecraft.oak_stairs":6,"stat.craftItem.minecraft.stone_sword":1,"stat.flyOneCm":8549,"stat.mineBlock.minecraft.planks":20,"stat.mineBlock.minecraft.leaves":1,"stat.playOneMinute":15023,"stat.pickup.minecraft.oak_stairs":6,"stat.useItem.minecraft.stone_pickaxe":31,"stat.sneakTime":1,"stat.useItem.minecraft.stone_sword":9,"stat.damageDealt":40,"stat.timeSinceDeath":15023,"stat.craftItem.minecraft.oak_stairs":4,"stat.pickup.minecraft.yellow_flower":7,"stat.mineBlock.minecraft.dirt":44,"stat.craftItem.minecraft.wooden_pickaxe":1,"stat.mineBlock.minecraft.stone":34,"stat.mineBlock.minecraft.tallgrass":1}