{"stat.leaveGame":1,"stat.mineBlock.minecraft.cobblestone":17,"stat.mineBlock.minecraft.yellow_flower":8,"stat.craftItem.minecraft.iron_axe":1,"stat.useItem.minecraft.apple":1,"stat.craftItem.minecraft.coal":7,"stat.jump":867,"stat.swimOneCm":9828,"stat.pickup.minecraft.cooked_chicken":2,"stat.fallOneCm":20228,"stat.useItem.minecraft.planks":136,"stat.craftItem.minecraft.shield":1,"stat.useItem.minecraft.stone_axe":83,"stat.crouchOneCm":526,"stat.pickup.minecraft.glass":1,"stat.craftItem.minecraft.torch":4,"stat.craftItem.minecraft.iron_ingot":47,"stat.pickup.minecraft.dirt":55,"stat.useItem.minecraft.dirt":33,"stat.craftItem.minecraft.iron_helmet":1,"stat.useItem.minecraft.stone_slab2":13,"stat.useItem.minecraft.cooked_chicken":10,"stat.drop.minecraft.glass":1,"stat.craftingTableInteraction":25,"stat.pickup.minecraft.iron_ore":41,"stat.pickup.minecraft.sand":8,"stat.useItem.minecraft.glass":6,"stat.craftItem.minecraft.furnace":1,"stat.craftItem.minecraft.stone_axe":1,"stat.craftItem.minecraft.iron_boots":1,"stat.damageTaken":854,"stat.pickup.minecraft.feather":9,"stat.craftItem.minecraft.trapdoor":4,"stat.craftItem.minecraft.stone_pickaxe":1,"stat.mineBlock.minecraft.torch":4,"stat.useItem.minecraft.wooden_pickaxe":11,"stat.pickup.minecraft.cobblestone":129,"stat.pickup.minecraft.planks":98,"stat.useItem.minecraft.stone_shovel":43,"stat.pickup.minecraft.reeds":9,"stat.craftItem.minecraft.stone_sword":1,"stat.flyOneCm":37081,"stat.mineBlock.minecraft.sand":8,"stat.pickup.minecraft.oak_stairs":6,"stat.useItem.minecraft.stone_pickaxe":86,"stat.useItem.minecraft.stone_sword":19,"stat.craftItem.minecraft.iron_leggings":1,"stat.damageDealt":1384,"stat.craftItem.minecraft.glass":8,"stat.mineBlock.minecraft.iron_ore":42,"stat.timeSinceDeath":49527,"stat.craftItem.minecraft.oak_stairs":8,"stat.mineBlock.minecraft.dirt":53,"stat.useItem.minecraft.iron_pickaxe":62,"stat.craftItem.minecraft.wooden_pickaxe":1,"stat.craftItem.minecraft.iron_sword":1,"stat.craftItem.minecraft.stone_shovel":1,"stat.walkOneCm":205150,"stat.useItem.minecraft.torch":5,"stat.pickup.minecraft.crafting_table":1,"stat.useItem.minecraft.log":8,"stat.useItem.minecraft.oak_stairs":12,"stat.useItem.minecraft.cobblestone":36,"stat.craftItem.minecraft.crafting_table":1,"stat.furnaceInteraction":31,"stat.pickup.minecraft.trapdoor":3,"stat.pickup.minecraft.log":65,"stat.craftItem.minecraft.stone_slab2":0,"stat.pickup.minecraft.stone":3,"stat.craftItem.minecraft.iron_chestplate":1,"stat.pickup.minecraft.chicken":8,"stat.pickup.minecraft.sapling":16,"stat.useItem.minecraft.trapdoor":5,"stat.sprintOneCm":62669,"stat.pickup.minecraft.apple":1,"stat.craftItem.minecraft.stick":20,"stat.killEntity.Skeleton":1,"stat.killEntity.wild_dog":1,"stat.craftItem.minecraft.bucket":1,"stat.craftItem.minecraft.planks":136,"stat.useItem.minecraft.iron_sword":14,"stat.killEntity.Chicken":8,"stat.mineBlock.minecraft.crafting_table":1,"stat.mobKills":11,"stat.mineBlock.minecraft.log":66,"stat.craftItem.minecraft.wooden_door":3,"stat.craftItem.minecraft.cooked_chicken":8,"stat.mineBlock.minecraft.oak_stairs":6,"stat.useItem.minecraft.wooden_door":1,"stat.mineBlock.minecraft.planks":35,"stat.drop":1,"stat.mineBlock.minecraft.leaves":21,"stat.pickup.minecraft.egg":4,"stat.playOneMinute":49527,"stat.pickup.minecraft.torch":5,"stat.sneakTime":321,"stat.craftItem.minecraft.iron_pickaxe":1,"stat.pickup.artifacts.bottled_cloud":1,"stat.pickup.minecraft.yellow_flower":7,"stat.mineBlock.minecraft.stone":95,"stat.mineBlock.minecraft.tallgrass":1,"stat.diveOneCm":331}