{"stat.chestOpened":3,"stat.pickup.minecraft.bone":16,"stat.useItem.minecraft.iron_axe":36,"stat.leaveGame":1,"stat.pickup.minecraft.iron_sword":3,"stat.mineBlock.minecraft.cobblestone":30,"stat.craftItem.minecraft.cooked_porkchop":1,"stat.pickup.minecraft.stone_pickaxe":4,"stat.pickup.minecraft.stone_axe":3,"stat.mineBlock.minecraft.yellow_flower":10,"stat.craftItem.minecraft.iron_axe":1,"stat.useItem.minecraft.apple":2,"stat.useItem.minecraft.porkchop":5,"stat.pickup.gravestone.death_info":3,"stat.pickup.duneons.ieerrifyingskeletonarmorhelmet":1,"stat.craftItem.minecraft.coal":7,"stat.killEntity.pigchest":1,"stat.mineBlock.minecraft.stained_glass_pane":2,"stat.jump":1938,"stat.swimOneCm":13585,"stat.pickup.minecraft.cooked_chicken":2,"stat.pickup.minecraft.iron_helmet":3,"stat.pickup.minecraft.coal":55,"stat.fallOneCm":47748,"stat.useItem.minecraft.planks":178,"stat.craftItem.minecraft.shield":1,"stat.pickup.minecraft.iron_ingot":33,"stat.useItem.minecraft.stone_axe":83,"stat.pickup.minecraft.porkchop":9,"stat.killEntity.redstonecube":1,"stat.crouchOneCm":2695,"stat.pickup.minecraft.glass":1,"stat.mineBlock.gravestone.gravestone":3,"stat.mineBlock.duneons.arenaeyeblockactive":1,"stat.craftItem.minecraft.torch":24,"stat.craftItem.minecraft.iron_ingot":47,"stat.craftItem.minecraft.chest":1,"stat.pickup.minecraft.dirt":200,"stat.useItem.minecraft.dirt":45,"stat.craftItem.minecraft.iron_helmet":1,"stat.useItem.minecraft.stone_slab2":21,"stat.pickup.minecraft.iron_boots":3,"stat.useItem.minecraft.cooked_chicken":14,"stat.drop.minecraft.glass":1,"stat.craftingTableInteraction":34,"stat.pickup.minecraft.iron_ore":86,"stat.pickup.minecraft.rotten_flesh":6,"stat.pickup.duneons.armorclass5body":1,"stat.pickup.minecraft.sand":8,"stat.useItem.minecraft.glass":6,"stat.craftItem.minecraft.furnace":4,"stat.pickup.minecraft.stone_shovel":3,"stat.mineBlock.minecraft.iron_bars":2,"stat.pickup.minecraft.iron_axe":3,"stat.craftItem.minecraft.stone_axe":1,"stat.craftItem.minecraft.iron_boots":1,"stat.pickup.minecraft.wooden_pickaxe":4,"stat.damageTaken":1839,"stat.pickup.minecraft.feather":45,"stat.pickup.minecraft.leather":7,"stat.craftItem.minecraft.trapdoor":4,"stat.pickup.minecraft.bucket":3,"stat.pickup.minecraft.record_cat":2,"stat.mineBlock.duneons.chain":1,"stat.craftItem.minecraft.stone_pickaxe":1,"stat.mineBlock.minecraft.torch":12,"stat.mineBlock.minecraft.furnace":1,"stat.useItem.minecraft.wooden_pickaxe":11,"stat.useItem.minecraft.furnace":1,"stat.pickup.minecraft.cobblestone":213,"stat.pickup.duneons.chain":1,"stat.killEntity.vindicator_variant1":3,"stat.pickup.minecraft.planks":205,"stat.useItem.minecraft.stone_shovel":43,"stat.pickup.minecraft.reeds":36,"stat.pickup.minecraft.iron_leggings":3,"stat.craftItem.minecraft.stone_sword":1,"stat.flyOneCm":172756,"stat.pickup.minecraft.bed":5,"stat.pickup.minecraft.chainmail_chestplate":3,"stat.pickup.minecraft.brown_mushroom":4,"stat.pickup.minecraft.wheat_seeds":1,"stat.mineBlock.minecraft.sand":8,"stat.pickup.minecraft.oak_stairs":6,"stat.useItem.minecraft.stone_pickaxe":86,"stat.useItem.minecraft.stone_sword":19,"stat.craftItem.minecraft.iron_leggings":1,"stat.damageDealt":6655,"stat.craftItem.minecraft.glass":8,"stat.pickup.minecraft.redstone":3,"stat.mineBlock.minecraft.iron_ore":42,"stat.timeSinceDeath":31247,"stat.craftItem.minecraft.oak_stairs":8,"stat.killEntity.Silverfish":1,"stat.killEntity.Cow":4,"stat.mineBlock.minecraft.dirt":85,"stat.useItem.minecraft.iron_pickaxe":151,"stat.killEntity.VindicationIllager":3,"stat.craftItem.minecraft.wooden_pickaxe":1,"stat.killEntity.Pig":4,"stat.craftItem.minecraft.iron_sword":1,"stat.pickup.minecraft.mutton":14,"stat.craftItem.minecraft.stone_shovel":1,"stat.walkOneCm":356703,"stat.pickup.minecraft.armor_stand":2,"stat.useItem.minecraft.torch":16,"stat.pickup.duneons.poleaxe":3,"stat.pickup.minecraft.stick":10,"stat.drop.minecraft.rotten_flesh":2,"stat.pickup.minecraft.crafting_table":1,"stat.useItem.minecraft.log":8,"stat.useItem.minecraft.oak_stairs":12,"stat.useItem.minecraft.cobblestone":103,"stat.pickup.minecraft.stonebrick":6,"stat.craftItem.minecraft.crafting_table":4,"stat.furnaceInteraction":37,"stat.useItem.minecraft.cooked_porkchop":1,"stat.pickup.minecraft.trapdoor":9,"stat.useItem.duneons.crumsoncoresword":15,"stat.pickup.minecraft.shield":3,"stat.pickup.minecraft.log":127,"stat.killEntity.executione":1,"stat.pickup.minecraft.iron_pickaxe":3,"stat.pickup.minecraft.beef":12,"stat.pickup.minecraft.furnace":1,"stat.entityKilledBy.Skeleton":1,"stat.drop.minecraft.iron_chestplate":1,"stat.craftItem.minecraft.stone_slab2":0,"stat.pickup.minecraft.stone":12,"stat.craftItem.minecraft.iron_chestplate":1,"stat.pickup.minecraft.chicken":17,"stat.pickup.minecraft.sapling":73,"stat.useItem.minecraft.trapdoor":5,"stat.sprintOneCm":161898,"stat.pickup.minecraft.wooden_door":6,"stat.pickup.minecraft.iron_chestplate":4,"stat.pickup.minecraft.apple":2,"stat.craftItem.minecraft.stick":20,"stat.killEntity.Skeleton":1,"stat.killEntity.wild_dog":1,"stat.craftItem.minecraft.bucket":1,"stat.mineBlock.minecraft.stonebrick":6,"stat.craftItem.minecraft.planks":156,"stat.useItem.minecraft.iron_sword":83,"stat.killEntity.Chicken":12,"stat.drop.minecraft.crafting_table":1,"stat.mineBlock.minecraft.crafting_table":1,"stat.pickup.minecraft.stone_sword":3,"stat.mobKills":47,"stat.pickup.minecraft.emerald":3,"stat.mineBlock.minecraft.log":71,"stat.craftItem.minecraft.wooden_door":3,"stat.craftItem.minecraft.cooked_chicken":12,"stat.mineBlock.minecraft.oak_stairs":6,"stat.useItem.minecraft.wooden_door":1,"stat.mineBlock.minecraft.planks":67,"stat.deaths":3,"stat.drop":5,"stat.mineBlock.minecraft.leaves":30,"stat.pickup.minecraft.egg":26,"stat.killEntity.skeletonvangard":1,"stat.playOneMinute":98127,"stat.pickup.minecraft.torch":35,"stat.killEntity.Sheep":9,"stat.sneakTime":734,"stat.craftItem.minecraft.iron_pickaxe":1,"stat.pickup.minecraft.wool":9,"stat.killEntity.Zombie":2,"stat.pickup.artifacts.bottled_cloud":5,"stat.pickup.minecraft.iron_bars":2,"stat.pickup.minecraft.yellow_flower":31,"stat.mineBlock.minecraft.stone":129,"stat.mineBlock.minecraft.tallgrass":8,"stat.diveOneCm":4190,"stat.pickup.minecraft.chest":2,"stat.pickup.duneons.armorclass5helmet":1,"stat.pickup.duneons.ieerrifyingskeletonarmorbody":1}