{"stat.pickup.minecraft.bone":16,"stat.useItem.minecraft.iron_axe":36,"stat.leaveGame":1,"stat.pickup.minecraft.iron_sword":3,"stat.mineBlock.minecraft.cobblestone":30,"stat.pickup.minecraft.stone_pickaxe":4,"stat.pickup.minecraft.stone_axe":3,"stat.mineBlock.minecraft.yellow_flower":9,"stat.craftItem.minecraft.iron_axe":1,"stat.useItem.minecraft.apple":2,"stat.pickup.gravestone.death_info":3,"stat.craftItem.minecraft.coal":7,"stat.killEntity.pigchest":1,"stat.jump":1610,"stat.swimOneCm":13585,"stat.pickup.minecraft.cooked_chicken":2,"stat.pickup.minecraft.iron_helmet":3,"stat.pickup.minecraft.coal":55,"stat.fallOneCm":40663,"stat.useItem.minecraft.planks":178,"stat.craftItem.minecraft.shield":1,"stat.pickup.minecraft.iron_ingot":33,"stat.useItem.minecraft.stone_axe":83,"stat.pickup.minecraft.porkchop":3,"stat.killEntity.redstonecube":1,"stat.crouchOneCm":2694,"stat.pickup.minecraft.glass":1,"stat.mineBlock.gravestone.gravestone":3,"stat.craftItem.minecraft.torch":24,"stat.craftItem.minecraft.iron_ingot":47,"stat.pickup.minecraft.dirt":179,"stat.useItem.minecraft.dirt":33,"stat.craftItem.minecraft.iron_helmet":1,"stat.useItem.minecraft.stone_slab2":19,"stat.pickup.minecraft.iron_boots":3,"stat.useItem.minecraft.cooked_chicken":13,"stat.drop.minecraft.glass":1,"stat.craftingTableInteraction":28,"stat.pickup.minecraft.iron_ore":86,"stat.pickup.minecraft.rotten_flesh":4,"stat.pickup.minecraft.sand":8,"stat.useItem.minecraft.glass":6,"stat.craftItem.minecraft.furnace":2,"stat.pickup.minecraft.stone_shovel":3,"stat.pickup.minecraft.iron_axe":3,"stat.craftItem.minecraft.stone_axe":1,"stat.craftItem.minecraft.iron_boots":1,"stat.pickup.minecraft.wooden_pickaxe":4,"stat.damageTaken":1546,"stat.pickup.minecraft.feather":45,"stat.craftItem.minecraft.trapdoor":4,"stat.pickup.minecraft.bucket":3,"stat.pickup.minecraft.record_cat":2,"stat.craftItem.minecraft.stone_pickaxe":1,"stat.mineBlock.minecraft.torch":6,"stat.mineBlock.minecraft.furnace":1,"stat.useItem.minecraft.wooden_pickaxe":11,"stat.pickup.minecraft.cobblestone":190,"stat.pickup.minecraft.planks":205,"stat.useItem.minecraft.stone_shovel":43,"stat.pickup.minecraft.reeds":36,"stat.pickup.minecraft.iron_leggings":3,"stat.craftItem.minecraft.stone_sword":1,"stat.flyOneCm":112418,"stat.pickup.minecraft.chainmail_chestplate":3,"stat.pickup.minecraft.brown_mushroom":4,"stat.mineBlock.minecraft.sand":8,"stat.pickup.minecraft.oak_stairs":6,"stat.useItem.minecraft.stone_pickaxe":86,"stat.useItem.minecraft.stone_sword":19,"stat.craftItem.minecraft.iron_leggings":1,"stat.damageDealt":2723,"stat.craftItem.minecraft.glass":8,"stat.pickup.minecraft.redstone":3,"stat.mineBlock.minecraft.iron_ore":42,"stat.timeSinceDeath":6947,"stat.craftItem.minecraft.oak_stairs":8,"stat.mineBlock.minecraft.dirt":64,"stat.useItem.minecraft.iron_pickaxe":95,"stat.craftItem.minecraft.wooden_pickaxe":1,"stat.craftItem.minecraft.iron_sword":1,"stat.pickup.minecraft.mutton":4,"stat.craftItem.minecraft.stone_shovel":1,"stat.walkOneCm":275264,"stat.useItem.minecraft.torch":5,"stat.pickup.minecraft.stick":10,"stat.drop.minecraft.rotten_flesh":2,"stat.pickup.minecraft.crafting_table":1,"stat.useItem.minecraft.log":8,"stat.useItem.minecraft.oak_stairs":12,"stat.useItem.minecraft.cobblestone":103,"stat.craftItem.minecraft.crafting_table":2,"stat.furnaceInteraction":35,"stat.pickup.minecraft.trapdoor":9,"stat.pickup.minecraft.shield":3,"stat.pickup.minecraft.log":127,"stat.pickup.minecraft.iron_pickaxe":3,"stat.pickup.minecraft.furnace":1,"stat.entityKilledBy.Skeleton":1,"stat.craftItem.minecraft.stone_slab2":0,"stat.pickup.minecraft.stone":12,"stat.craftItem.minecraft.iron_chestplate":1,"stat.pickup.minecraft.chicken":17,"stat.pickup.minecraft.sapling":72,"stat.useItem.minecraft.trapdoor":5,"stat.sprintOneCm":116800,"stat.pickup.minecraft.wooden_door":6,"stat.pickup.minecraft.iron_chestplate":3,"stat.pickup.minecraft.apple":2,"stat.craftItem.minecraft.stick":20,"stat.killEntity.Skeleton":1,"stat.killEntity.wild_dog":1,"stat.craftItem.minecraft.bucket":1,"stat.craftItem.minecraft.planks":136,"stat.useItem.minecraft.iron_sword":35,"stat.killEntity.Chicken":12,"stat.mineBlock.minecraft.crafting_table":1,"stat.pickup.minecraft.stone_sword":3,"stat.mobKills":22,"stat.mineBlock.minecraft.log":71,"stat.craftItem.minecraft.wooden_door":3,"stat.craftItem.minecraft.cooked_chicken":12,"stat.mineBlock.minecraft.oak_stairs":6,"stat.useItem.minecraft.wooden_door":1,"stat.mineBlock.minecraft.planks":66,"stat.deaths":3,"stat.drop":3,"stat.mineBlock.minecraft.leaves":30,"stat.pickup.minecraft.egg":26,"stat.killEntity.skeletonvangard":1,"stat.playOneMinute":73827,"stat.pickup.minecraft.torch":30,"stat.killEntity.Sheep":2,"stat.sneakTime":714,"stat.craftItem.minecraft.iron_pickaxe":1,"stat.pickup.minecraft.wool":2,"stat.killEntity.Zombie":2,"stat.pickup.artifacts.bottled_cloud":5,"stat.pickup.minecraft.yellow_flower":30,"stat.mineBlock.minecraft.stone":106,"stat.mineBlock.minecraft.tallgrass":3,"stat.diveOneCm":4190,"stat.pickup.minecraft.chest":2}